timeOpen;timeClose;timeHigh;timeLow;name;open;high;low;close;volume;marketCap;timestamp
"2016-12-31T00:00:00.000Z";"2016-12-31T23:59:59.999Z";"2016-12-31T23:59:30.000Z";"2016-12-31T03:04:26.000Z";"2781";960.6270141602;963.742980957;947.2360229492;963.742980957;99135104;15492554222.2;"2016-12-31T23:59:59.999Z"
"2016-12-30T00:00:00.000Z";"2016-12-30T23:59:59.999Z";"2016-12-30T00:04:35.000Z";"2016-12-30T10:19:26.000Z";"2781";972.5349731445;972.5349731445;934.8330078125;961.2379760742;187474000;15450507054.9;"2016-12-30T23:59:59.999Z"
"2016-12-29T00:00:00.000Z";"2016-12-29T23:59:59.999Z";"2016-12-29T01:49:36.000Z";"2016-12-29T18:14:36.000Z";"2781";975.125;979.3969726563;954.5029907227;973.4970092773;199320000;15645617392.3;"2016-12-29T23:59:59.999Z"
"2016-12-28T00:00:00.000Z";"2016-12-28T23:59:59.999Z";"2016-12-28T23:59:26.000Z";"2016-12-28T00:04:29.000Z";"2781";934.8309936523;975.9210205078;934.8309936523;975.9210205078;236630000;15682769404.8;"2016-12-28T23:59:59.999Z"
"2016-12-27T00:00:00.000Z";"2016-12-27T23:59:59.999Z";"2016-12-27T14:24:29.000Z";"2016-12-27T03:59:25.000Z";"2781";908.3540039063;940.0479736328;904.2550048828;933.1979980469;167308000;14994286713.1;"2016-12-27T23:59:59.999Z"
"2016-12-26T00:00:00.000Z";"2016-12-26T23:59:59.999Z";"2016-12-26T01:19:29.000Z";"2016-12-26T12:19:29.000Z";"2781";896.9050292969;913.1840209961;896.8980102539;907.6099853516;123771000;14581389977;"2016-12-26T23:59:59.999Z"
"2016-12-25T00:00:00.000Z";"2016-12-25T23:59:59.999Z";"2016-12-25T00:04:27.000Z";"2016-12-25T10:24:32.000Z";"2781";899.6519775391;899.6519775391;862.4240112305;896.1829833984;143664992;14396194093.7;"2016-12-25T23:59:59.999Z"
"2016-12-24T00:00:00.000Z";"2016-12-24T23:59:59.999Z";"2016-12-24T00:49:31.000Z";"2016-12-24T14:19:29.000Z";"2781";922.1799926758;923.4790039063;886.3350219727;898.8220214844;137727008;14436754926.6;"2016-12-24T23:59:59.999Z"
"2016-12-23T00:00:00.000Z";"2016-12-23T23:59:59.999Z";"2016-12-23T22:59:27.000Z";"2016-12-23T00:24:26.000Z";"2781";864.8880004883;925.1170043945;864.6770019531;921.9840087891;275564000;14807189351.8;"2016-12-23T23:59:59.999Z"
"2016-12-22T00:00:00.000Z";"2016-12-22T23:59:59.999Z";"2016-12-22T10:04:30.000Z";"2016-12-22T00:09:30.000Z";"2781";834.1799926758;875.7819824219;834.1489868164;864.5399780273;200027008;13882988216;"2016-12-22T23:59:59.999Z"
"2016-12-21T00:00:00.000Z";"2016-12-21T23:59:59.999Z";"2016-12-21T23:59:30.000Z";"2016-12-21T00:14:29.000Z";"2781";800.6439819336;834.2810058594;799.4050292969;834.2810058594;155576000;13395445163.3;"2016-12-21T23:59:59.999Z"
"2016-12-20T00:00:00.000Z";"2016-12-20T23:59:59.999Z";"2016-12-20T23:39:29.000Z";"2016-12-20T02:29:34.000Z";"2781";792.2470092773;801.3369750977;791.4970092773;800.8759765625;99629296;12857473133.5;"2016-12-20T23:59:59.999Z"
"2016-12-19T00:00:00.000Z";"2016-12-19T23:59:59.999Z";"2016-12-19T17:29:32.000Z";"2016-12-19T00:39:29.000Z";"2781";790.6920166016;793.6110229492;790.3200073242;792.7139892578;74886400;12725090633.3;"2016-12-19T23:59:59.999Z"
"2016-12-18T00:00:00.000Z";"2016-12-18T23:59:59.999Z";"2016-12-18T01:19:30.000Z";"2016-12-18T18:59:27.000Z";"2781";791.0079956055;794.7369995117;788.0260009766;790.5300292969;60524400;12688510067.6;"2016-12-18T23:59:59.999Z"
"2016-12-17T00:00:00.000Z";"2016-12-17T23:59:59.999Z";"2016-12-17T02:59:26.000Z";"2016-12-17T00:34:29.000Z";"2781";785.166015625;792.508972168;784.8640136719;790.8289794922;78989800;12691945028;"2016-12-17T23:59:59.999Z"
"2016-12-16T00:00:00.000Z";"2016-12-16T23:59:59.999Z";"2016-12-16T23:39:26.000Z";"2016-12-16T00:04:29.000Z";"2781";778.9630126953;785.0319824219;778.9630126953;784.9069824219;83608200;12595490538.6;"2016-12-16T23:59:59.999Z"
"2016-12-15T00:00:00.000Z";"2016-12-15T23:59:59.999Z";"2016-12-15T17:49:30.000Z";"2016-12-15T23:29:29.000Z";"2781";780.0700073242;781.4349975586;777.8020019531;778.0880126953;81580096;12484761984.5;"2016-12-15T23:59:59.999Z"
"2016-12-14T00:00:00.000Z";"2016-12-14T23:59:59.999Z";"2016-12-14T14:39:29.000Z";"2016-12-14T15:54:35.000Z";"2781";780.0050048828;782.033996582;776.8389892578;781.4810180664;75979000;12534369129.2;"2016-12-14T23:59:59.999Z"
"2016-12-13T00:00:00.000Z";"2016-12-13T23:59:59.999Z";"2016-12-13T03:15:02.000Z";"2016-12-13T03:55:37.000Z";"2781";780.6469726563;788.4600219727;777.9619750977;780.5560302734;81645600;12521776921.5;"2016-12-13T23:59:59.999Z"
"2016-12-12T00:00:00.000Z";"2016-12-12T23:59:59.999Z";"2016-12-12T18:59:32.000Z";"2016-12-12T00:04:31.000Z";"2781";770.0399780273;781.9219970703;770.0399780273;780.0869750977;76571000;12512497969.1;"2016-12-12T23:59:59.999Z"
"2016-12-11T00:00:00.000Z";"2016-12-11T23:59:59.999Z";"2016-12-11T00:14:29.000Z";"2016-12-11T06:49:28.000Z";"2781";774.7520141602;774.7979736328;765.4119873047;769.7310180664;57313400;12344888048.2;"2016-12-11T23:59:59.999Z"
"2016-12-10T00:00:00.000Z";"2016-12-10T23:59:59.999Z";"2016-12-10T17:49:26.000Z";"2016-12-10T00:29:28.000Z";"2781";773.0230102539;777.0919799805;772.9099731445;774.6500244141;53843100;12421967469.5;"2016-12-10T23:59:59.999Z"
"2016-12-09T00:00:00.000Z";"2016-12-09T23:59:59.999Z";"2016-12-09T14:29:28.000Z";"2016-12-09T03:44:28.000Z";"2781";769.9439697266;774.5280151367;769.6489868164;772.7940063477;68705296;12390863076.9;"2016-12-09T23:59:59.999Z"
"2016-12-08T00:00:00.000Z";"2016-12-08T23:59:59.999Z";"2016-12-08T17:54:28.000Z";"2016-12-08T02:19:27.000Z";"2781";768.0759887695;774.6979980469;765.9459838867;770.8099975586;80111904;12357837892.8;"2016-12-08T23:59:59.999Z"
"2016-12-07T00:00:00.000Z";"2016-12-07T23:59:59.999Z";"2016-12-07T20:59:26.000Z";"2016-12-07T07:04:27.000Z";"2781";764.2109985352;771.5430297852;759.75;768.132019043;96426096;12313376413.9;"2016-12-07T23:59:59.999Z"
"2016-12-06T00:00:00.000Z";"2016-12-06T23:59:59.999Z";"2016-12-06T16:14:28.000Z";"2016-12-06T00:04:28.000Z";"2781";758.7199707031;765.6220092773;758.7199707031;764.2239990234;116218000;12249086970.7;"2016-12-06T23:59:59.999Z"
"2016-12-05T00:00:00.000Z";"2016-12-05T23:59:59.999Z";"2016-12-05T00:09:28.000Z";"2016-12-05T12:29:28.000Z";"2781";773.3939819336;773.4680175781;751.7130126953;758.700012207;106363000;12159115875;"2016-12-05T23:59:59.999Z"
"2016-12-04T00:00:00.000Z";"2016-12-04T23:59:59.999Z";"2016-12-04T23:59:27.000Z";"2016-12-04T10:24:41.000Z";"2781";771.6380004883;773.8720092773;768.1610107422;773.8720092773;60557900;12400766376.1;"2016-12-04T23:59:59.999Z"
"2016-12-03T00:00:00.000Z";"2016-12-03T23:59:59.999Z";"2016-12-03T00:04:28.000Z";"2016-12-03T08:04:30.000Z";"2781";778.2479858398;778.2479858398;764.8560180664;771.1550292969;69547296;12355811708.6;"2016-12-03T23:59:59.999Z"
"2016-12-02T00:00:00.000Z";"2016-12-02T23:59:59.999Z";"2016-12-02T15:24:29.000Z";"2016-12-02T00:04:52.000Z";"2781";757.5449829102;781.2960205078;757.5449829102;777.9439697266;127605000;12462935160.4;"2016-12-02T23:59:59.999Z"
"2016-12-01T00:00:00.000Z";"2016-12-01T23:59:59.999Z";"2016-12-01T19:09:29.000Z";"2016-12-01T00:04:29.000Z";"2781";746.0460205078;758.2750244141;746.0460205078;756.7739868164;80461904;12122431239;"2016-12-01T23:59:59.999Z"
"2016-11-30T00:00:00.000Z";"2016-11-30T23:59:59.999Z";"2016-11-30T13:14:27.000Z";"2016-11-30T00:09:27.000Z";"2781";736.283996582;747.9290161133;736.2650146484;745.6909790039;84070800;11943536630.3;"2016-11-30T23:59:59.999Z"
"2016-11-29T00:00:00.000Z";"2016-11-29T23:59:59.999Z";"2016-11-29T16:14:28.000Z";"2016-11-29T09:44:27.000Z";"2781";736.3289794922;737.4710083008;734.5590209961;735.6040039063;68511104;11780661279.8;"2016-11-29T23:59:59.999Z"
"2016-11-28T00:00:00.000Z";"2016-11-28T23:59:59.999Z";"2016-11-28T16:49:30.000Z";"2016-11-28T00:04:28.000Z";"2781";732.4840087891;738.0059814453;732.4840087891;735.8129882813;61888600;11782628755;"2016-11-28T23:59:59.999Z"
"2016-11-27T00:00:00.000Z";"2016-11-27T23:59:59.999Z";"2016-11-27T13:09:26.000Z";"2016-11-27T23:34:29.000Z";"2781";735.4370117188;739.0180053711;731.0850219727;732.0349731445;52601800;11720648986.8;"2016-11-27T23:59:59.999Z"
"2016-11-26T00:00:00.000Z";"2016-11-26T23:59:59.999Z";"2016-11-26T03:49:30.000Z";"2016-11-26T15:54:27.000Z";"2781";741.5109863281;742.2139892578;729.625;735.382019043;54962700;11772895898.9;"2016-11-26T23:59:59.999Z"
"2016-11-25T00:00:00.000Z";"2016-11-25T23:59:59.999Z";"2016-11-25T23:59:26.000Z";"2016-11-25T08:39:37.000Z";"2781";740.4420166016;741.6489868164;734.591003418;741.6489868164;67807600;11871816578.9;"2016-11-25T23:59:59.999Z"
"2016-11-24T00:00:00.000Z";"2016-11-24T23:59:59.999Z";"2016-11-24T01:39:29.000Z";"2016-11-24T16:24:28.000Z";"2781";744.6199951172;746.8319702148;733.4899902344;740.2890014648;85919296;11848658575;"2016-11-24T23:59:59.999Z"
"2016-11-23T00:00:00.000Z";"2016-11-23T23:59:59.999Z";"2016-11-23T00:44:27.000Z";"2016-11-23T16:49:31.000Z";"2781";751.741027832;752.25;738.9240112305;744.5939941406;76543800;11916054234.5;"2016-11-23T23:59:59.999Z"
"2016-11-22T00:00:00.000Z";"2016-11-22T23:59:59.999Z";"2016-11-22T18:44:30.000Z";"2016-11-22T03:49:26.000Z";"2781";739.6430053711;753.8699951172;736.5269775391;751.3469848633;129906000;12022735371.5;"2016-11-22T23:59:59.999Z"
"2016-11-21T00:00:00.000Z";"2016-11-21T23:59:59.999Z";"2016-11-21T18:29:28.000Z";"2016-11-21T06:14:30.000Z";"2781";731.2650146484;741.7219848633;730.5100097656;739.2479858398;60802400;11827902946.2;"2016-11-21T23:59:59.999Z"
"2016-11-20T00:00:00.000Z";"2016-11-20T23:59:59.999Z";"2016-11-20T05:14:49.000Z";"2016-11-20T19:09:26.000Z";"2781";751.8790283203;755.4799804688;717.9439697266;731.0260009766;154116000;11695081877.5;"2016-11-20T23:59:59.999Z"
"2016-11-19T00:00:00.000Z";"2016-11-19T23:59:59.999Z";"2016-11-19T07:34:30.000Z";"2016-11-19T08:54:33.000Z";"2781";751.8330078125;756.2369995117;744.4669799805;751.616027832;110608000;12023262924.8;"2016-11-19T23:59:59.999Z"
"2016-11-18T00:00:00.000Z";"2016-11-18T23:59:59.999Z";"2016-11-18T09:54:28.000Z";"2016-11-18T01:04:29.000Z";"2781";740.7050170898;752.882019043;736.8900146484;751.5850219727;87363104;12021432968.4;"2016-11-18T23:59:59.999Z"
"2016-11-17T00:00:00.000Z";"2016-11-17T23:59:59.999Z";"2016-11-17T05:54:27.000Z";"2016-11-17T23:09:28.000Z";"2781";744.8759765625;755.6450195313;739.5109863281;740.9769897461;108579000;11850398479.4;"2016-11-17T23:59:59.999Z"
"2016-11-16T00:00:00.000Z";"2016-11-16T23:59:59.999Z";"2016-11-16T19:39:28.000Z";"2016-11-16T03:04:28.000Z";"2781";711.1669921875;747.6149902344;709.0390014648;744.1979980469;141294000;11900441938.5;"2016-11-16T23:59:59.999Z"
"2016-11-15T00:00:00.000Z";"2016-11-15T23:59:59.999Z";"2016-11-15T20:49:31.000Z";"2016-11-15T00:39:28.000Z";"2781";705.7940063477;715.7180175781;705.2600097656;711.6190185547;72038496;11377924616.2;"2016-11-15T23:59:59.999Z"
"2016-11-14T00:00:00.000Z";"2016-11-14T23:59:59.999Z";"2016-11-14T21:14:31.000Z";"2016-11-14T00:29:28.000Z";"2781";701.9970092773;706.283996582;699.8079833984;705.0209960938;62993000;11271073434.1;"2016-11-14T23:59:59.999Z"
"2016-11-13T00:00:00.000Z";"2016-11-13T23:59:59.999Z";"2016-11-13T00:09:29.000Z";"2016-11-13T14:34:37.000Z";"2781";705.1959838867;705.257019043;687.3150024414;702.0310058594;80318096;11215181107.4;"2016-11-13T23:59:59.999Z"
"2016-11-12T00:00:00.000Z";"2016-11-12T23:59:59.999Z";"2016-11-12T01:14:28.000Z";"2016-11-12T14:34:28.000Z";"2781";716.7520141602;717.1480102539;704.0349731445;705.0540161133;64622500;11262273136.1;"2016-11-12T23:59:59.999Z"
"2016-11-11T00:00:00.000Z";"2016-11-11T23:59:59.999Z";"2016-11-11T15:04:26.000Z";"2016-11-11T05:19:28.000Z";"2781";715.5549926758;718.3179931641;714.4099731445;716.4110107422;63119700;11442241390.2;"2016-11-11T23:59:59.999Z"
"2016-11-10T00:00:00.000Z";"2016-11-10T23:59:59.999Z";"2016-11-10T00:44:27.000Z";"2016-11-10T21:24:27.000Z";"2781";722.8439941406;723.0180053711;711.2100219727;715.533996582;68807800;11426817525.6;"2016-11-10T23:59:59.999Z"
"2016-11-09T00:00:00.000Z";"2016-11-09T23:59:59.999Z";"2016-11-09T08:44:27.000Z";"2016-11-09T02:09:29.000Z";"2781";709.825012207;740.0460205078;708.6099853516;723.2730102539;132429000;11548965778.8;"2016-11-09T23:59:59.999Z"
"2016-11-08T00:00:00.000Z";"2016-11-08T23:59:59.999Z";"2016-11-08T22:39:30.000Z";"2016-11-08T08:29:26.000Z";"2781";703.0889892578;712.9869995117;702.3900146484;709.8480224609;79660800;11333339468.1;"2016-11-08T23:59:59.999Z"
"2016-11-07T00:00:00.000Z";"2016-11-07T23:59:59.999Z";"2016-11-07T00:04:28.000Z";"2016-11-07T14:09:26.000Z";"2781";710.7360229492;710.7360229492;699.9030151367;703.1309814453;65047100;11224670783;"2016-11-07T23:59:59.999Z"
"2016-11-06T00:00:00.000Z";"2016-11-06T23:59:59.999Z";"2016-11-06T06:14:27.000Z";"2016-11-06T15:24:26.000Z";"2781";703.8120117188;714.2579956055;699.5599975586;711.5219726563;59902200;11357385316.2;"2016-11-06T23:59:59.999Z"
"2016-11-05T00:00:00.000Z";"2016-11-05T23:59:59.999Z";"2016-11-05T11:14:26.000Z";"2016-11-05T14:44:26.000Z";"2781";703.5250244141;707.5100097656;697.7390136719;703.4180297852;53752300;11226736982.4;"2016-11-05T23:59:59.999Z"
"2016-11-04T00:00:00.000Z";"2016-11-04T23:59:59.999Z";"2016-11-04T12:19:27.000Z";"2016-11-04T00:19:26.000Z";"2781";689.1240234375;706.9299926758;685.5629882813;703.2349853516;99907696;11222575747.5;"2016-11-04T23:59:59.999Z"
"2016-11-03T00:00:00.000Z";"2016-11-03T23:59:59.999Z";"2016-11-03T05:49:27.000Z";"2016-11-03T22:49:28.000Z";"2781";742.3460083008;745.7730102539;678.1560058594;688.700012207;172808000;10989660279.6;"2016-11-03T23:59:59.999Z"
"2016-11-02T00:00:00.000Z";"2016-11-02T23:59:59.999Z";"2016-11-02T23:59:37.000Z";"2016-11-02T09:09:31.000Z";"2781";730.0659790039;740.8289794922;722.3489990234;740.8289794922;84865200;11820110420.6;"2016-11-02T23:59:59.999Z"
"2016-11-01T00:00:00.000Z";"2016-11-01T23:59:59.999Z";"2016-11-01T12:24:28.000Z";"2016-11-01T00:04:27.000Z";"2781";701.3369750977;736.4520263672;701.3369750977;729.7930297852;130527000;11642863554;"2016-11-01T23:59:59.999Z"
"2016-10-31T00:00:00.000Z";"2016-10-31T23:59:59.999Z";"2016-10-31T14:29:27.000Z";"2016-10-31T01:54:27.000Z";"2781";702.6400146484;709.2890014648;691.6820068359;700.9719848633;97064400;11181852070.1;"2016-10-31T23:59:59.999Z"
"2016-10-30T00:00:00.000Z";"2016-10-30T23:59:59.999Z";"2016-10-30T00:04:26.000Z";"2016-10-30T01:59:27.000Z";"2781";714.117980957;714.117980957;696.4749755859;701.8640136719;100665000;11194834675.9;"2016-10-30T23:59:59.999Z"
"2016-10-29T00:00:00.000Z";"2016-10-29T23:59:59.999Z";"2016-10-29T20:59:28.000Z";"2016-10-29T00:39:26.000Z";"2781";690.2890014648;720.4019775391;690.0520019531;714.4790039063;134760992;11394596829.5;"2016-10-29T23:59:59.999Z"
"2016-10-28T00:00:00.000Z";"2016-10-28T23:59:59.999Z";"2016-10-28T18:14:31.000Z";"2016-10-28T06:49:26.000Z";"2781";688;690.4439697266;684.1619873047;689.6510009766;81145504;10997420361.8;"2016-10-28T23:59:59.999Z"
"2016-10-27T00:00:00.000Z";"2016-10-27T23:59:59.999Z";"2016-10-27T03:19:26.000Z";"2016-10-27T00:39:30.000Z";"2781";678.2139892578;688.5939941406;678.0399780273;688.3129882813;96105296;10974828654.5;"2016-10-27T23:59:59.999Z"
"2016-10-26T00:00:00.000Z";"2016-10-26T23:59:59.999Z";"2016-10-26T18:44:29.000Z";"2016-10-26T00:04:27.000Z";"2781";657.6779785156;679.7280273438;657.6779785156;678.3040161133;88877104;10813913071.1;"2016-10-26T23:59:59.999Z"
"2016-10-25T00:00:00.000Z";"2016-10-25T23:59:59.999Z";"2016-10-25T23:04:25.000Z";"2016-10-25T00:34:28.000Z";"2781";654.0020141602;664.4240112305;653.6979980469;657.5880126953;90378800;10482565592;"2016-10-25T23:59:59.999Z"
"2016-10-24T00:00:00.000Z";"2016-10-24T23:59:59.999Z";"2016-10-24T00:14:26.000Z";"2016-10-24T10:09:26.000Z";"2781";657.1610107422;657.2520141602;652.5949707031;653.7609863281;62218200;10420469171.9;"2016-10-24T23:59:59.999Z"
"2016-10-23T00:00:00.000Z";"2016-10-23T23:59:59.999Z";"2016-10-23T00:29:25.000Z";"2016-10-23T11:29:28.000Z";"2781";657.6209716797;661.1290283203;653.8859863281;657.0709838867;54474600;10472100601.9;"2016-10-23T23:59:59.999Z"
"2016-10-22T00:00:00.000Z";"2016-10-22T23:59:59.999Z";"2016-10-22T19:24:32.000Z";"2016-10-22T01:39:27.000Z";"2781";633.1359863281;658.1970214844;632.8499755859;657.2940063477;78556496;10474463658.4;"2016-10-22T23:59:59.999Z"
"2016-10-21T00:00:00.000Z";"2016-10-21T23:59:59.999Z";"2016-10-21T17:04:29.000Z";"2016-10-21T01:19:28.000Z";"2781";630.825012207;634.0939941406;630.6939697266;632.8280029297;55951000;10083501602.5;"2016-10-21T23:59:59.999Z"
"2016-10-20T00:00:00.000Z";"2016-10-20T23:59:59.999Z";"2016-10-20T09:24:28.000Z";"2016-10-20T03:49:26.000Z";"2781";630.6630249023;631.9169921875;628.2579956055;630.8569946289;56957300;10050854098.8;"2016-10-20T23:59:59.999Z"
"2016-10-19T00:00:00.000Z";"2016-10-19T23:59:59.999Z";"2016-10-19T08:29:27.000Z";"2016-10-19T14:34:27.000Z";"2781";638.133972168;638.8740234375;628.0130004883;630.5200195313;69381696;10044471117.1;"2016-10-19T23:59:59.999Z"
"2016-10-18T00:00:00.000Z";"2016-10-18T23:59:59.999Z";"2016-10-18T13:24:27.000Z";"2016-10-18T20:44:36.000Z";"2781";639.4110107422;640.7360229492;635.9959716797;637.9600219727;65546700;10162029114.2;"2016-10-18T23:59:59.999Z"
"2016-10-17T00:00:00.000Z";"2016-10-17T23:59:59.999Z";"2016-10-17T00:54:28.000Z";"2016-10-17T17:09:28.000Z";"2781";641.8179931641;642.3280029297;638.6630249023;639.1929931641;58063600;10180488273.5;"2016-10-17T23:59:59.999Z"
"2016-10-16T00:00:00.000Z";"2016-10-16T23:59:59.999Z";"2016-10-16T14:04:27.000Z";"2016-10-16T05:19:27.000Z";"2781";639.0830078125;642.8980102539;638.9010009766;641.6309814453;40298100;10218348387.5;"2016-10-16T23:59:59.999Z"
"2016-10-15T00:00:00.000Z";"2016-10-15T23:59:59.999Z";"2016-10-15T10:59:27.000Z";"2016-10-15T22:04:27.000Z";"2781";640.3109741211;642.1019897461;637.3900146484;638.6459960938;39035400;10169814231.5;"2016-10-15T23:59:59.999Z"
"2016-10-14T00:00:00.000Z";"2016-10-14T23:59:59.999Z";"2016-10-14T18:49:26.000Z";"2016-10-14T00:04:26.000Z";"2781";637.0079956055;641.2849731445;637.0079956055;640.3779907227;58144600;10196303437;"2016-10-14T23:59:59.999Z"
"2016-10-13T00:00:00.000Z";"2016-10-13T23:59:59.999Z";"2016-10-13T04:04:26.000Z";"2016-10-13T21:29:26.000Z";"2781";636.0300292969;638.8330078125;635.0289916992;636.7860107422;61620700;10138078870.2;"2016-10-13T23:59:59.999Z"
"2016-10-12T00:00:00.000Z";"2016-10-12T23:59:59.999Z";"2016-10-12T01:04:24.000Z";"2016-10-12T22:44:25.000Z";"2781";640.8709716797;641.3369750977;635.9650268555;636.1920166016;92370200;10127644783.5;"2016-10-12T23:59:59.999Z"
"2016-10-11T00:00:00.000Z";"2016-10-11T23:59:59.999Z";"2016-10-11T23:14:25.000Z";"2016-10-11T01:39:27.000Z";"2781";619.2379760742;642.0800170898;618.5;641.0720214844;103590000;10204214838.5;"2016-10-11T23:59:59.999Z"
"2016-10-10T00:00:00.000Z";"2016-10-10T23:59:59.999Z";"2016-10-10T04:29:27.000Z";"2016-10-10T01:49:28.000Z";"2781";616.8220214844;621.3179931641;616.1970214844;618.9940185547;67481104;9851764897.39;"2016-10-10T23:59:59.999Z"
"2016-10-09T00:00:00.000Z";"2016-10-09T23:59:59.999Z";"2016-10-09T00:09:26.000Z";"2016-10-09T23:54:26.000Z";"2781";619.1719970703;619.1979980469;616.6069946289;616.7520141602;39243400;9815156617.54;"2016-10-09T23:59:59.999Z"
"2016-10-08T00:00:00.000Z";"2016-10-08T23:59:59.999Z";"2016-10-08T06:14:26.000Z";"2016-10-08T00:04:25.000Z";"2781";617.341003418;619.8489990234;617.341003418;619.1079711914;42345900;9851461945.58;"2016-10-08T23:59:59.999Z"
"2016-10-07T00:00:00.000Z";"2016-10-07T23:59:59.999Z";"2016-10-07T14:19:26.000Z";"2016-10-07T01:04:25.000Z";"2781";612.6079711914;617.9119873047;611.8209838867;617.1209716797;64071400;9818599994.17;"2016-10-07T23:59:59.999Z"
"2016-10-06T00:00:00.000Z";"2016-10-06T23:59:59.999Z";"2016-10-06T21:49:27.000Z";"2016-10-06T06:14:25.000Z";"2781";612.4699707031;613.8189697266;611.4689941406;613.0209960938;56812100;9752315688.94;"2016-10-06T23:59:59.999Z"
"2016-10-05T00:00:00.000Z";"2016-10-05T23:59:59.999Z";"2016-10-05T13:49:26.000Z";"2016-10-05T04:54:27.000Z";"2781";610.2180175781;613.8140258789;609.6170043945;612.5109863281;68077504;9743018923.52;"2016-10-05T23:59:59.999Z"
"2016-10-04T00:00:00.000Z";"2016-10-04T23:59:59.999Z";"2016-10-04T00:14:25.000Z";"2016-10-04T21:19:26.000Z";"2781";612.0520019531;612.0540161133;609.4790039063;610.2039794922;49801600;9705099354.72;"2016-10-04T23:59:59.999Z"
"2016-10-03T00:00:00.000Z";"2016-10-03T23:59:59.999Z";"2016-10-03T14:24:27.000Z";"2016-10-03T01:04:24.000Z";"2781";610.9680175781;612.5679931641;610.4550170898;612.1329956055;46798300;9734618878.27;"2016-10-03T23:59:59.999Z"
"2016-10-02T00:00:00.000Z";"2016-10-02T23:59:59.999Z";"2016-10-02T00:14:26.000Z";"2016-10-02T15:59:26.000Z";"2781";613.9479980469;614.0050048828;609.6820068359;610.8920288086;39249800;9713776587.02;"2016-10-02T23:59:59.999Z"
"2016-10-01T00:00:00.000Z";"2016-10-01T23:59:59.999Z";"2016-10-01T17:54:25.000Z";"2016-10-01T00:04:26.000Z";"2781";609.9290161133;615.2369995117;609.9290161133;613.9829711914;56357000;9761887632.24;"2016-10-01T23:59:59.999Z"
"2016-09-30T00:00:00.000Z";"2016-09-30T23:59:59.999Z";"2016-09-30T23:59:26.000Z";"2016-09-30T07:29:29.000Z";"2781";605.7150268555;609.7349853516;604.1420288086;609.7349853516;56122400;9693198750.06;"2016-09-30T23:59:59.999Z"
"2016-09-29T00:00:00.000Z";"2016-09-29T23:59:59.999Z";"2016-09-29T09:04:25.000Z";"2016-09-29T01:59:26.000Z";"2781";605.0189819336;606.8239746094;604.8480224609;605.6929931641;55658600;9627902106.24;"2016-09-29T23:59:59.999Z"
"2016-09-28T00:00:00.000Z";"2016-09-28T23:59:59.999Z";"2016-09-28T01:09:27.000Z";"2016-09-28T06:34:27.000Z";"2781";606.242980957;606.5900268555;604.6069946289;604.7280273438;48722600;9611532318.53;"2016-09-28T23:59:59.999Z"
"2016-09-27T00:00:00.000Z";"2016-09-27T23:59:59.999Z";"2016-09-27T00:24:26.000Z";"2016-09-27T20:59:25.000Z";"2781";608.0219726563;608.2479858398;604.1099853516;606.166015625;49422400;9633311305.2;"2016-09-27T23:59:59.999Z"
"2016-09-26T00:00:00.000Z";"2016-09-26T23:59:59.999Z";"2016-09-26T23:54:26.000Z";"2016-09-26T02:59:27.000Z";"2781";600.8070068359;608.1430053711;600.3489990234;608.0430297852;59153800;9661922446.43;"2016-09-26T23:59:59.999Z"
"2016-09-25T00:00:00.000Z";"2016-09-25T23:59:59.999Z";"2016-09-25T09:09:28.000Z";"2016-09-25T18:54:40.000Z";"2781";602.7490234375;603.3809814453;599.7109985352;600.8259887695;33977800;9546132575.45;"2016-09-25T23:59:59.999Z"
"2016-09-24T00:00:00.000Z";"2016-09-24T23:59:59.999Z";"2016-09-24T07:29:26.000Z";"2016-09-24T15:19:34.000Z";"2781";602.9609985352;604.5800170898;602.0449829102;602.625;35359500;9573385117.5;"2016-09-24T23:59:59.999Z"
"2016-09-23T00:00:00.000Z";"2016-09-23T23:59:59.999Z";"2016-09-23T22:59:25.000Z";"2016-09-23T00:59:27.000Z";"2781";596.1989746094;603.2050170898;595.7860107422;602.8419799805;51067000;9575631548.62;"2016-09-23T23:59:59.999Z"
"2016-09-22T00:00:00.000Z";"2016-09-22T23:59:59.999Z";"2016-09-22T01:19:27.000Z";"2016-09-22T23:24:25.000Z";"2781";597.2789916992;598.4869995117;596.2130126953;596.2979736328;67085300;9470698214.62;"2016-09-22T23:59:59.999Z"
"2016-09-21T00:00:00.000Z";"2016-09-21T23:59:59.999Z";"2016-09-21T00:04:26.000Z";"2016-09-21T18:14:27.000Z";"2781";603.5880126953;603.5880126953;595.8829956055;597.1489868164;82776200;9483211004.99;"2016-09-21T23:59:59.999Z"
"2016-09-20T00:00:00.000Z";"2016-09-20T23:59:59.999Z";"2016-09-20T00:24:27.000Z";"2016-09-20T18:39:26.000Z";"2781";609.2540283203;609.5250244141;607.9379882813;608.3120117188;72710896;9659269452.1;"2016-09-20T23:59:59.999Z"
"2016-09-19T00:00:00.000Z";"2016-09-19T23:59:59.999Z";"2016-09-19T01:44:27.000Z";"2016-09-19T16:44:29.000Z";"2781";609.8709716797;610.9320068359;608.2700195313;609.2269897461;54796400;9672709263.54;"2016-09-19T23:59:59.999Z"
"2016-09-18T00:00:00.000Z";"2016-09-18T23:59:59.999Z";"2016-09-18T19:54:26.000Z";"2016-09-18T07:09:27.000Z";"2781";606.2830200195;610.1580200195;605.8560180664;609.8740234375;48679400;9682008336.58;"2016-09-18T23:59:59.999Z"
"2016-09-17T00:00:00.000Z";"2016-09-17T23:59:59.999Z";"2016-09-17T00:39:28.000Z";"2016-09-17T15:44:27.000Z";"2781";607.2180175781;607.8599853516;605.1920166016;605.9840087891;37140300;9619198525.06;"2016-09-17T23:59:59.999Z"
"2016-09-16T00:00:00.000Z";"2016-09-16T23:59:59.999Z";"2016-09-16T08:24:31.000Z";"2016-09-16T18:24:27.000Z";"2781";607.2459716797;609.2609863281;606.7349853516;606.9730224609;64963400;9633710359.34;"2016-09-16T23:59:59.999Z"
"2016-09-15T00:00:00.000Z";"2016-09-15T23:59:59.999Z";"2016-09-15T11:24:27.000Z";"2016-09-15T23:59:27.000Z";"2781";610.5880126953;611.0859985352;607.1550292969;607.1550292969;59464600;9635571707.58;"2016-09-15T23:59:59.999Z"
"2016-09-14T00:00:00.000Z";"2016-09-14T23:59:59.999Z";"2016-09-14T18:44:27.000Z";"2016-09-14T03:29:27.000Z";"2781";608.841003418;611.9520263672;608.4099731445;610.6840209961;47877700;9690463177.01;"2016-09-14T23:59:59.999Z"
"2016-09-13T00:00:00.000Z";"2016-09-13T23:59:59.999Z";"2016-09-13T19:29:27.000Z";"2016-09-13T09:04:29.000Z";"2781";608.0250244141;611.1929931641;606.924987793;609.241027832;86920600;9666424847.94;"2016-09-13T23:59:59.999Z"
"2016-09-12T00:00:00.000Z";"2016-09-12T23:59:59.999Z";"2016-09-12T06:19:28.000Z";"2016-09-12T09:59:27.000Z";"2781";607.0050048828;608.458984375;605.4110107422;608.242980957;72812304;9649385919.48;"2016-09-12T23:59:59.999Z"
"2016-09-11T00:00:00.000Z";"2016-09-11T23:59:59.999Z";"2016-09-11T18:29:28.000Z";"2016-09-11T21:19:27.000Z";"2781";623.4240112305;628.8179931641;600.5059814453;606.7189941406;73610800;9624021892.48;"2016-09-11T23:59:59.999Z"
"2016-09-10T00:00:00.000Z";"2016-09-10T23:59:59.999Z";"2016-09-10T21:34:26.000Z";"2016-09-10T06:59:26.000Z";"2781";622.9270019531;625.0949707031;622.3950195313;623.508972168;45016800;9889124589.92;"2016-09-10T23:59:59.999Z"
"2016-09-09T00:00:00.000Z";"2016-09-09T23:59:59.999Z";"2016-09-09T00:49:25.000Z";"2016-09-09T07:24:27.000Z";"2781";626.3519897461;626.8300170898;620.2630004883;622.8610229492;64550200;9877681031.6;"2016-09-09T23:59:59.999Z"
"2016-09-08T00:00:00.000Z";"2016-09-08T23:59:59.999Z";"2016-09-08T12:29:26.000Z";"2016-09-08T02:29:28.000Z";"2781";614.6350097656;628.7700195313;613.8439941406;626.3159790039;86713000;9931412643.55;"2016-09-08T23:59:59.999Z"
"2016-09-07T00:00:00.000Z";"2016-09-07T23:59:59.999Z";"2016-09-07T23:54:27.000Z";"2016-09-07T06:09:27.000Z";"2781";610.5729980469;614.5449829102;608.5130004883;614.5440063477;75032400;9743676239.81;"2016-09-07T23:59:59.999Z"
"2016-09-06T00:00:00.000Z";"2016-09-06T23:59:59.999Z";"2016-09-06T12:59:29.000Z";"2016-09-06T03:59:25.000Z";"2781";606.5059814453;610.8300170898;605.091003418;610.4359741211;78529104;9677437247.52;"2016-09-06T23:59:59.999Z"
"2016-09-05T00:00:00.000Z";"2016-09-05T23:59:59.999Z";"2016-09-05T00:09:27.000Z";"2016-09-05T12:24:27.000Z";"2781";608.9899902344;609.0549926758;602.2420043945;606.5900268555;82446800;9615468144.84;"2016-09-05T23:59:59.999Z"
"2016-09-04T00:00:00.000Z";"2016-09-04T23:59:59.999Z";"2016-09-04T13:49:27.000Z";"2016-09-04T05:49:27.000Z";"2781";598.5900268555;611.8369750977;596.8480224609;608.633972168;97942896;9646846465.46;"2016-09-04T23:59:59.999Z"
"2016-09-03T00:00:00.000Z";"2016-09-03T23:59:59.999Z";"2016-09-03T22:09:27.000Z";"2016-09-03T07:19:31.000Z";"2781";575.5549926758;599.5;574.0560302734;598.2119750977;159014000;9480380026.32;"2016-09-03T23:59:59.999Z"
"2016-09-02T00:00:00.000Z";"2016-09-02T23:59:59.999Z";"2016-09-02T14:24:26.000Z";"2016-09-02T04:14:28.000Z";"2781";572.4099731445;575.6430053711;570.8109741211;575.5369873047;79910800;9120159588.88;"2016-09-02T23:59:59.999Z"
"2016-09-01T00:00:00.000Z";"2016-09-01T23:59:59.999Z";"2016-09-01T02:09:28.000Z";"2016-09-01T22:44:27.000Z";"2781";575.5460205078;576.3109741211;571.8140258789;572.3029785156;76923400;9067854883.5;"2016-09-01T23:59:59.999Z"
"2016-08-31T00:00:00.000Z";"2016-08-31T23:59:59.999Z";"2016-08-31T01:09:27.000Z";"2016-08-31T14:49:27.000Z";"2781";577.591003418;577.8610229492;573.6420288086;575.4719848633;75840896;9117106216.7;"2016-08-31T23:59:59.999Z"
"2016-08-30T00:00:00.000Z";"2016-08-30T23:59:59.999Z";"2016-08-30T07:19:27.000Z";"2016-08-30T00:04:27.000Z";"2781";574.1140136719;578.3569946289;574.1140136719;577.5029907227;70342400;9148340523.6;"2016-08-30T23:59:59.999Z"
"2016-08-29T00:00:00.000Z";"2016-08-29T23:59:59.999Z";"2016-08-29T01:49:28.000Z";"2016-08-29T17:29:27.000Z";"2781";574.0709838867;576.2780151367;573.4650268555;574.1069946289;110398000;9093420855.11;"2016-08-29T23:59:59.999Z"
"2016-08-28T00:00:00.000Z";"2016-08-28T23:59:59.999Z";"2016-08-28T13:59:27.000Z";"2016-08-28T00:09:27.000Z";"2781";569.8300170898;574.0380249023;569.7399902344;573.9119873047;86301600;9089312934.82;"2016-08-28T23:59:59.999Z"
"2016-08-27T00:00:00.000Z";"2016-08-27T23:59:59.999Z";"2016-08-27T01:29:27.000Z";"2016-08-27T16:24:27.000Z";"2781";579.4520263672;579.8449707031;568.6300048828;569.9470214844;59698300;9025464112.14;"2016-08-27T23:59:59.999Z"
"2016-08-26T00:00:00.000Z";"2016-08-26T23:59:59.999Z";"2016-08-26T17:29:28.000Z";"2016-08-26T03:34:27.000Z";"2781";577.7529907227;580.6229858398;576.8579711914;579.6510009766;48856800;9178145243.32;"2016-08-26T23:59:59.999Z"
"2016-08-25T00:00:00.000Z";"2016-08-25T23:59:59.999Z";"2016-08-25T00:24:27.000Z";"2016-08-25T14:04:27.000Z";"2781";580.1799926758;580.4509887695;575.1669921875;577.7609863281;136130000;9147297035.52;"2016-08-25T23:59:59.999Z"
"2016-08-24T00:00:00.000Z";"2016-08-24T23:59:59.999Z";"2016-08-24T00:19:24.000Z";"2016-08-24T23:24:26.000Z";"2781";583.4119873047;583.5900268555;579.8549804688;580.1820068359;56328200;9184728960.5;"2016-08-24T23:59:59.999Z"
"2016-08-23T00:00:00.000Z";"2016-08-23T23:59:59.999Z";"2016-08-23T07:39:24.000Z";"2016-08-23T16:19:24.000Z";"2781";586.7709960938;589.4739990234;581.633972168;583.4149780273;85349200;9234845697.42;"2016-08-23T23:59:59.999Z"
"2016-08-22T00:00:00.000Z";"2016-08-22T23:59:59.999Z";"2016-08-22T17:44:24.000Z";"2016-08-22T08:44:25.000Z";"2781";581.3109741211;588.4479980469;580.5939941406;586.7529907227;72844000;9286647693.55;"2016-08-22T23:59:59.999Z"
"2016-08-21T00:00:00.000Z";"2016-08-21T23:59:59.999Z";"2016-08-21T07:04:24.000Z";"2016-08-21T22:09:24.000Z";"2781";581.9390258789;584.1580200195;580.2180175781;581.3079833984;38299400;9199366516.7;"2016-08-21T23:59:59.999Z"
"2016-08-20T00:00:00.000Z";"2016-08-20T23:59:59.999Z";"2016-08-20T23:34:24.000Z";"2016-08-20T07:14:25.000Z";"2781";576.083984375;582.8179931641;575.4569702148;581.6970214844;45301400;9204384754.4;"2016-08-20T23:59:59.999Z"
"2016-08-19T00:00:00.000Z";"2016-08-19T23:59:59.999Z";"2016-08-19T15:39:26.000Z";"2016-08-19T00:29:24.000Z";"2781";574.3389892578;578.2379760742;574.1820068359;575.6300048828;50631600;9107313927.36;"2016-08-19T23:59:59.999Z"
"2016-08-18T00:00:00.000Z";"2016-08-18T23:59:59.999Z";"2016-08-18T16:24:25.000Z";"2016-08-18T01:19:25.000Z";"2781";573.7069702148;577.7919921875;573.4299926758;574.3179931641;59896600;9085487924.62;"2016-08-18T23:59:59.999Z"
"2016-08-17T00:00:00.000Z";"2016-08-17T23:59:59.999Z";"2016-08-17T10:04:25.000Z";"2016-08-17T17:14:27.000Z";"2781";577.7609863281;580.8939819336;571.4299926758;573.216003418;54443000;9066995409.02;"2016-08-17T23:59:59.999Z"
"2016-08-16T00:00:00.000Z";"2016-08-16T23:59:59.999Z";"2016-08-16T17:59:26.000Z";"2016-08-16T05:59:25.000Z";"2781";567.242980957;581.7379760742;566.716003418;577.4390258789;58405200;9132941526.43;"2016-08-16T23:59:59.999Z"
"2016-08-15T00:00:00.000Z";"2016-08-15T23:59:59.999Z";"2016-08-15T07:59:24.000Z";"2016-08-15T16:04:25.000Z";"2781";570.4940185547;573.5800170898;563.2399902344;567.2399902344;57262300;8970719083.2;"2016-08-15T23:59:59.999Z"
"2016-08-14T00:00:00.000Z";"2016-08-14T23:59:59.999Z";"2016-08-14T00:19:24.000Z";"2016-08-14T18:59:24.000Z";"2781";585.5889892578;585.666015625;564.7810058594;570.4730224609;60851100;9020848474.94;"2016-08-14T23:59:59.999Z"
"2016-08-13T00:00:00.000Z";"2016-08-13T23:59:59.999Z";"2016-08-13T11:39:24.000Z";"2016-08-13T04:14:23.000Z";"2781";587.3569946289;589.7739868164;584.9790039063;585.5880126953;43563000;9258715471.54;"2016-08-13T23:59:59.999Z"
"2016-08-12T00:00:00.000Z";"2016-08-12T23:59:59.999Z";"2016-08-12T09:14:26.000Z";"2016-08-12T04:09:24.000Z";"2781";588.7979736328;589.9099731445;583.8109741211;587.5590209961;69218000;9288722581.24;"2016-08-12T23:59:59.999Z"
"2016-08-11T00:00:00.000Z";"2016-08-11T23:59:59.999Z";"2016-08-11T13:44:24.000Z";"2016-08-11T23:59:24.000Z";"2781";592.1240234375;597.5419921875;589.1199951172;589.1199951172;74514400;9312340020.48;"2016-08-11T23:59:59.999Z"
"2016-08-10T00:00:00.000Z";"2016-08-10T23:59:59.999Z";"2016-08-10T15:39:24.000Z";"2016-08-10T00:59:24.000Z";"2781";587.6480102539;599.9840087891;586.3709716797;592.1030273438;102905000;9358441335.08;"2016-08-10T23:59:59.999Z"
"2016-08-09T00:00:00.000Z";"2016-08-09T23:59:59.999Z";"2016-08-09T00:09:24.000Z";"2016-08-09T04:49:23.000Z";"2781";591.0380249023;591.091003418;584.7930297852;587.8010253906;92228096;9289374234.8;"2016-08-09T23:59:59.999Z"
"2016-08-08T00:00:00.000Z";"2016-08-08T23:59:59.999Z";"2016-08-08T00:39:23.000Z";"2016-08-08T06:49:24.000Z";"2781";592.7360229492;592.9940185547;588.0469970703;591.0540161133;61194100;9339910962.91;"2016-08-08T23:59:59.999Z"
"2016-08-07T00:00:00.000Z";"2016-08-07T23:59:59.999Z";"2016-08-07T15:59:24.000Z";"2016-08-07T17:14:23.000Z";"2781";587.7709960938;597.5130004883;586.8159790039;592.6900024414;82398400;9364710626.88;"2016-08-07T23:59:59.999Z"
"2016-08-06T00:00:00.000Z";"2016-08-06T23:59:59.999Z";"2016-08-06T23:19:23.000Z";"2016-08-06T05:59:23.000Z";"2781";575.0300292969;588.3959960938;569.4689941406;587.7780151367;80797296;9286055404.13;"2016-08-06T23:59:59.999Z"
"2016-08-05T00:00:00.000Z";"2016-08-05T23:59:59.999Z";"2016-08-05T00:04:23.000Z";"2016-08-05T07:54:23.000Z";"2781";578.2810058594;578.2810058594;569.9819946289;575.0430297852;66127900;9083715053.11;"2016-08-05T23:59:59.999Z"
"2016-08-04T00:00:00.000Z";"2016-08-04T23:59:59.999Z";"2016-08-04T22:49:24.000Z";"2016-08-04T19:39:24.000Z";"2781";566.3289794922;579.4959716797;565.7769775391;578.2890014648;125292000;9133817994.68;"2016-08-04T23:59:59.999Z"
"2016-08-03T00:00:00.000Z";"2016-08-03T23:59:59.999Z";"2016-08-03T13:39:23.000Z";"2016-08-03T00:49:24.000Z";"2781";548.6560058594;573.3599853516;541.5469970703;566.3549804688;207982000;8944279139.34;"2016-08-03T23:59:59.999Z"
"2016-08-02T00:00:00.000Z";"2016-08-02T23:59:59.999Z";"2016-08-02T01:24:24.000Z";"2016-08-02T23:19:24.000Z";"2781";606.3969726563;612.8480224609;531.333984375;547.4650268555;330932992;8644864334.94;"2016-08-02T23:59:59.999Z"
"2016-08-01T00:00:00.000Z";"2016-08-01T23:59:59.999Z";"2016-08-01T11:04:23.000Z";"2016-08-01T23:49:24.000Z";"2781";624.6019897461;626.1190185547;605.883972168;606.2719726563;121887000;9572348580.1;"2016-08-01T23:59:59.999Z"
"2016-07-31T00:00:00.000Z";"2016-07-31T23:59:59.999Z";"2016-07-31T00:54:24.000Z";"2016-07-31T23:39:24.000Z";"2781";655.0999755859;655.2849731445;624.3649902344;624.6810302734;110818000;9861866432.96;"2016-07-31T23:59:59.999Z"
"2016-07-30T00:00:00.000Z";"2016-07-30T23:59:59.999Z";"2016-07-30T16:09:24.000Z";"2016-07-30T20:19:23.000Z";"2781";657.0120239258;658.2230224609;654.208984375;655.0469970703;38456100;10340045284.2;"2016-07-30T23:59:59.999Z"
"2016-07-29T00:00:00.000Z";"2016-07-29T23:59:59.999Z";"2016-07-29T21:34:24.000Z";"2016-07-29T07:59:23.000Z";"2781";655.1110229492;657.7960205078;654.7860107422;656.9920043945;60703500;10369809305.9;"2016-07-29T23:59:59.999Z"
"2016-07-28T00:00:00.000Z";"2016-07-28T23:59:59.999Z";"2016-07-28T15:19:24.000Z";"2016-07-28T00:04:24.000Z";"2781";654.4920043945;657.5949707031;654.4920043945;655.0349731445;86428400;10337749269.3;"2016-07-28T23:59:59.999Z"
"2016-07-27T00:00:00.000Z";"2016-07-27T23:59:59.999Z";"2016-07-27T16:54:23.000Z";"2016-07-27T05:24:24.000Z";"2781";651.6270141602;657.4559936523;648.4470214844;654.3519897461;147460992;10325917978.9;"2016-07-27T23:59:59.999Z"
"2016-07-26T00:00:00.000Z";"2016-07-26T23:59:59.999Z";"2016-07-26T19:54:25.000Z";"2016-07-26T06:39:23.000Z";"2781";654.2260131836;656.2249755859;645.8790283203;651.783996582;225135008;10284392843.4;"2016-07-26T23:59:59.999Z"
"2016-07-25T00:00:00.000Z";"2016-07-25T23:59:59.999Z";"2016-07-25T00:29:22.000Z";"2016-07-25T14:24:24.000Z";"2781";661.2630004883;661.8280029297;653.3950195313;654.0969848633;78176496;10319876748.9;"2016-07-25T23:59:59.999Z"
"2016-07-24T00:00:00.000Z";"2016-07-24T23:59:59.999Z";"2016-07-24T18:04:22.000Z";"2016-07-24T02:24:27.000Z";"2781";655.4099731445;663.1099853516;652.7930297852;661.2849731445;118184000;10432244355.1;"2016-07-24T23:59:59.999Z"
"2016-07-23T00:00:00.000Z";"2016-07-23T23:59:59.999Z";"2016-07-23T19:24:23.000Z";"2016-07-23T07:49:23.000Z";"2781";650.7260131836;656.366027832;648.5239868164;655.5560302734;69532200;10340881944.1;"2016-07-23T23:59:59.999Z"
"2016-07-22T00:00:00.000Z";"2016-07-22T23:59:59.999Z";"2016-07-22T01:14:23.000Z";"2016-07-22T22:49:24.000Z";"2781";664.9219970703;666.5830078125;646.7219848633;650.6190185547;134169000;10261989674.1;"2016-07-22T23:59:59.999Z"
"2016-07-21T00:00:00.000Z";"2016-07-21T23:59:59.999Z";"2016-07-21T17:14:23.000Z";"2016-07-21T03:54:23.000Z";"2781";665.2280273438;666.2189941406;660.4149780273;665.0120239258;60491800;10487976073.3;"2016-07-21T23:59:59.999Z"
"2016-07-20T00:00:00.000Z";"2016-07-20T23:59:59.999Z";"2016-07-20T00:14:24.000Z";"2016-07-20T19:34:24.000Z";"2781";672.8060302734;672.9290161133;663.3599853516;665.6849975586;94636400;10497527595.7;"2016-07-20T23:59:59.999Z"
"2016-07-19T00:00:00.000Z";"2016-07-19T23:59:59.999Z";"2016-07-19T06:34:26.000Z";"2016-07-19T17:04:24.000Z";"2781";672.7379760742;673.2769775391;667.632019043;672.8640136719;61203300;10609525767.2;"2016-07-19T23:59:59.999Z"
"2016-07-18T00:00:00.000Z";"2016-07-18T23:59:59.999Z";"2016-07-18T02:59:24.000Z";"2016-07-18T19:44:24.000Z";"2781";679.8090209961;681.5549926758;668.625;673.1060180664;69465000;10612299585.4;"2016-07-18T23:59:59.999Z"
"2016-07-17T00:00:00.000Z";"2016-07-17T23:59:59.999Z";"2016-07-17T19:04:23.000Z";"2016-07-17T00:04:23.000Z";"2781";661.992980957;682.3649902344;661.992980957;679.458984375;74407904;10711263459.6;"2016-07-17T23:59:59.999Z"
"2016-07-16T00:00:00.000Z";"2016-07-16T23:59:59.999Z";"2016-07-16T01:09:23.000Z";"2016-07-16T12:44:23.000Z";"2781";663.7810058594;666.4600219727;659.333984375;660.7670288086;50330200;10415413843.4;"2016-07-16T23:59:59.999Z"
"2016-07-15T00:00:00.000Z";"2016-07-15T23:59:59.999Z";"2016-07-15T21:39:23.000Z";"2016-07-15T02:39:22.000Z";"2781";659.1710205078;667.0770263672;659.0399780273;663.2550048828;81673104;10453381649.6;"2016-07-15T23:59:59.999Z"
"2016-07-14T00:00:00.000Z";"2016-07-14T23:59:59.999Z";"2016-07-14T17:04:23.000Z";"2016-07-14T00:04:24.000Z";"2781";652.9229736328;662.9019775391;652.9229736328;658.0780029297;98511400;10370714377.5;"2016-07-14T23:59:59.999Z"
"2016-07-13T00:00:00.000Z";"2016-07-13T23:59:59.999Z";"2016-07-13T09:09:22.000Z";"2016-07-13T23:59:24.000Z";"2781";664.7969970703;668.700012207;654.4680175781;654.4680175781;131449000;10312716681.1;"2016-07-13T23:59:59.999Z"
"2016-07-12T00:00:00.000Z";"2016-07-12T23:59:59.999Z";"2016-07-12T23:19:23.000Z";"2016-07-12T06:29:22.000Z";"2781";648.2830200195;675.258972168;646.7789916992;664.5510253906;138172992;10470577835.3;"2016-07-12T23:59:59.999Z"
"2016-07-11T00:00:00.000Z";"2016-07-11T23:59:59.999Z";"2016-07-11T02:19:22.000Z";"2016-07-11T12:14:23.000Z";"2781";648.4840087891;659.6290283203;644.9799804688;647.658996582;107910000;10203318330.2;"2016-07-11T23:59:59.999Z"
"2016-07-10T00:00:00.000Z";"2016-07-10T23:59:59.999Z";"2016-07-10T01:04:22.000Z";"2016-07-10T14:34:24.000Z";"2781";650.5989990234;652.2940063477;641.2639770508;649.3599853516;102532000;10229001841;"2016-07-10T23:59:59.999Z"
"2016-07-09T00:00:00.000Z";"2016-07-09T23:59:59.999Z";"2016-07-09T00:04:22.000Z";"2016-07-09T16:44:22.000Z";"2781";666.383972168;666.383972168;633.3989868164;650.9600219727;180536000;10252979329.9;"2016-07-09T23:59:59.999Z"
"2016-07-08T00:00:00.000Z";"2016-07-08T23:59:59.999Z";"2016-07-08T23:54:22.000Z";"2016-07-08T05:14:24.000Z";"2781";640.6879882813;666.7069702148;636.4669799805;666.5230102539;141970000;10496037616.4;"2016-07-08T23:59:59.999Z"
"2016-07-07T00:00:00.000Z";"2016-07-07T23:59:59.999Z";"2016-07-07T01:44:22.000Z";"2016-07-07T21:39:23.000Z";"2781";678.0900268555;682.4320068359;611.833984375;640.5620117188;258091008;10084880015.6;"2016-07-07T23:59:59.999Z"
"2016-07-06T00:00:00.000Z";"2016-07-06T23:59:59.999Z";"2016-07-06T05:09:23.000Z";"2016-07-06T00:04:23.000Z";"2781";670.4180297852;681.8980102539;670.4180297852;677.3309936523;134960992;10661460872.4;"2016-07-06T23:59:59.999Z"
"2016-07-05T00:00:00.000Z";"2016-07-05T23:59:59.999Z";"2016-07-05T00:09:24.000Z";"2016-07-05T15:14:24.000Z";"2781";683.208984375;683.491027832;665.0659790039;670.6270141602;130476000;10553590036.3;"2016-07-05T23:59:59.999Z"
"2016-07-04T00:00:00.000Z";"2016-07-04T23:59:59.999Z";"2016-07-04T23:59:22.000Z";"2016-07-04T01:19:22.000Z";"2781";658.8040161133;683.6619873047;650.5079956055;683.6619873047;92008400;10756225161.5;"2016-07-04T23:59:59.999Z"
"2016-07-03T00:00:00.000Z";"2016-07-03T23:59:59.999Z";"2016-07-03T00:04:23.000Z";"2016-07-03T16:54:22.000Z";"2781";704.9680175781;704.9680175781;649.008972168;658.6640014648;129512000;10360455388;"2016-07-03T23:59:59.999Z"
"2016-07-02T00:00:00.000Z";"2016-07-02T23:59:59.999Z";"2016-07-02T23:59:23.000Z";"2016-07-02T00:09:23.000Z";"2781";676.7340087891;703.7020263672;676.3989868164;703.7020263672;112354000;11066171356.3;"2016-07-02T23:59:59.999Z"
"2016-07-01T00:00:00.000Z";"2016-07-01T23:59:59.999Z";"2016-07-01T03:44:27.000Z";"2016-07-01T00:24:27.000Z";"2781";672.5150146484;686.1539916992;669.5939941406;676.2960205078;134431008;10632674989.8;"2016-07-01T23:59:59.999Z"
"2016-06-30T00:00:00.000Z";"2016-06-30T23:59:59.999Z";"2016-06-30T17:09:23.000Z";"2016-06-30T03:19:23.000Z";"2781";640.591003418;675.4030151367;636.6079711914;673.3369750977;138980000;10583527799.4;"2016-06-30T23:59:59.999Z"
"2016-06-29T00:00:00.000Z";"2016-06-29T23:59:59.999Z";"2016-06-29T00:44:23.000Z";"2016-06-29T02:14:23.000Z";"2781";644.1220092773;644.6820068359;628.283996582;639.8900146484;142456000;10055423427;"2016-06-29T23:59:59.999Z"
"2016-06-28T00:00:00.000Z";"2016-06-28T23:59:59.999Z";"2016-06-28T00:24:21.000Z";"2016-06-28T14:49:23.000Z";"2781";658.1019897461;659.2479858398;637.7730102539;647.0009765625;138384992;10164806260.6;"2016-06-28T23:59:59.999Z"
"2016-06-27T00:00:00.000Z";"2016-06-27T23:59:59.999Z";"2016-06-27T23:59:21.000Z";"2016-06-27T00:39:22.000Z";"2781";629.3489990234;655.2750244141;620.5239868164;655.2750244141;122134000;10292371661.2;"2016-06-27T23:59:59.999Z"
"2016-06-26T00:00:00.000Z";"2016-06-26T23:59:59.999Z";"2016-06-26T01:34:23.000Z";"2016-06-26T16:04:23.000Z";"2781";665.9310302734;665.9799804688;616.9340209961;629.3670043945;109225000;9883123076.92;"2016-06-26T23:59:59.999Z"
"2016-06-25T00:00:00.000Z";"2016-06-25T23:59:59.999Z";"2016-06-25T02:09:23.000Z";"2016-06-25T17:34:23.000Z";"2781";665.2810058594;691.7310180664;646.5590209961;665.1229858398;126656000;10442165050.8;"2016-06-25T23:59:59.999Z"
"2016-06-24T00:00:00.000Z";"2016-06-24T23:59:59.999Z";"2016-06-24T05:19:23.000Z";"2016-06-24T00:19:22.000Z";"2781";625.575012207;681.7269897461;625.2719726563;665.2990112305;224316992;10442233719.4;"2016-06-24T23:59:59.999Z"
"2016-06-23T00:00:00.000Z";"2016-06-23T23:59:59.999Z";"2016-06-23T23:04:22.000Z";"2016-06-23T02:04:23.000Z";"2781";597.4429931641;629.3270263672;558.1389770508;623.9769897461;253462000;9791649876.52;"2016-06-23T23:59:59.999Z"
"2016-06-22T00:00:00.000Z";"2016-06-22T23:59:59.999Z";"2016-06-22T09:04:24.000Z";"2016-06-22T23:49:23.000Z";"2781";665.9149780273;678.6699829102;587.4829711914;596.116027832;266392992;9352374506.6;"2016-06-22T23:59:59.999Z"
"2016-06-21T00:00:00.000Z";"2016-06-21T23:59:59.999Z";"2016-06-21T00:04:22.000Z";"2016-06-21T19:34:23.000Z";"2781";735.8829956055;735.8829956055;639.0700073242;666.6519775391;309944000;10456853277.5;"2016-06-21T23:59:59.999Z"
"2016-06-20T00:00:00.000Z";"2016-06-20T23:59:59.999Z";"2016-06-20T08:34:23.000Z";"2016-06-20T15:19:22.000Z";"2781";763.9270019531;764.083984375;732.7269897461;737.2260131836;174511008;11561085978.8;"2016-06-20T23:59:59.999Z"
"2016-06-19T00:00:00.000Z";"2016-06-19T23:59:59.999Z";"2016-06-19T22:24:22.000Z";"2016-06-19T04:14:23.000Z";"2781";756.6879882813;766.6209716797;745.6279907227;763.7810058594;136184992;11974386667.3;"2016-06-19T23:59:59.999Z"
"2016-06-18T00:00:00.000Z";"2016-06-18T23:59:59.999Z";"2016-06-18T20:09:22.000Z";"2016-06-18T01:44:22.000Z";"2781";748.7559814453;777.9899902344;733.9290161133;756.2269897461;252718000;11852610450.4;"2016-06-18T23:59:59.999Z"
"2016-06-17T00:00:00.000Z";"2016-06-17T23:59:59.999Z";"2016-06-17T02:49:23.000Z";"2016-06-17T07:09:23.000Z";"2781";768.4869995117;775.3560180664;716.5560302734;748.908996582;363320992;11734973407.3;"2016-06-17T23:59:59.999Z"
"2016-06-16T00:00:00.000Z";"2016-06-16T23:59:59.999Z";"2016-06-16T22:49:24.000Z";"2016-06-16T00:04:23.000Z";"2781";696.5230102539;773.7219848633;696.5230102539;766.3079833984;271633984;12004751235.6;"2016-06-16T23:59:59.999Z"
"2016-06-15T00:00:00.000Z";"2016-06-15T23:59:59.999Z";"2016-06-15T18:59:22.000Z";"2016-06-15T11:24:23.000Z";"2781";685.6849975586;696.3029785156;672.5609741211;694.4689941406;99223800;10876756116.3;"2016-06-15T23:59:59.999Z"
"2016-06-14T00:00:00.000Z";"2016-06-14T23:59:59.999Z";"2016-06-14T00:04:23.000Z";"2016-06-14T16:59:23.000Z";"2781";704.5040283203;704.5040283203;662.8040161133;685.5590209961;186694000;10734585655.9;"2016-06-14T23:59:59.999Z"
"2016-06-13T00:00:00.000Z";"2016-06-13T23:59:59.999Z";"2016-06-13T14:59:23.000Z";"2016-06-13T00:29:23.000Z";"2781";671.6539916992;716.0040283203;664.4869995117;704.3759765625;243295008;11026918233;"2016-06-13T23:59:59.999Z"
"2016-06-12T00:00:00.000Z";"2016-06-12T23:59:59.999Z";"2016-06-12T23:04:22.000Z";"2016-06-12T00:14:23.000Z";"2781";609.6840209961;684.8439941406;607.0390014648;672.783996582;277084992;10529624646.8;"2016-06-12T23:59:59.999Z"
"2016-06-11T00:00:00.000Z";"2016-06-11T23:59:59.999Z";"2016-06-11T23:54:22.000Z";"2016-06-11T00:04:23.000Z";"2781";578.6740112305;607.116027832;578.6740112305;606.7269897461;82357000;9493578714.4;"2016-06-11T23:59:59.999Z"
"2016-06-10T00:00:00.000Z";"2016-06-10T23:59:59.999Z";"2016-06-10T21:04:23.000Z";"2016-06-10T05:24:23.000Z";"2781";575.8369750977;579.1270141602;573.325012207;577.4699707031;66991900;9033522014.25;"2016-06-10T23:59:59.999Z"
"2016-06-09T00:00:00.000Z";"2016-06-09T23:59:59.999Z";"2016-06-09T00:04:24.000Z";"2016-06-09T14:09:23.000Z";"2781";582.2030029297;582.2030029297;570.9509887695;574.6300048828;71301000;8987040811;"2016-06-09T23:59:59.999Z"
"2016-06-08T00:00:00.000Z";"2016-06-08T23:59:59.999Z";"2016-06-08T22:59:24.000Z";"2016-06-08T06:09:23.000Z";"2781";577.1669921875;582.8389892578;573.1300048828;581.6450195313;80265800;9094354020.88;"2016-06-08T23:59:59.999Z"
"2016-06-07T00:00:00.000Z";"2016-06-07T23:59:59.999Z";"2016-06-07T00:49:22.000Z";"2016-06-07T16:34:24.000Z";"2781";585.4450073242;590.258972168;567.5139770508;576.5969848633;107770000;9013335474.15;"2016-06-07T23:59:59.999Z"
"2016-06-06T00:00:00.000Z";"2016-06-06T23:59:59.999Z";"2016-06-06T18:19:22.000Z";"2016-06-06T00:04:22.000Z";"2781";574.6019897461;586.4699707031;574.6019897461;585.5369873047;72138896;9151021089.23;"2016-06-06T23:59:59.999Z"
"2016-06-05T00:00:00.000Z";"2016-06-05T23:59:59.999Z";"2016-06-05T12:44:24.000Z";"2016-06-05T21:34:22.000Z";"2781";573.3079833984;582.8079833984;569.1779785156;574.9769897461;68874096;8983555643.4;"2016-06-05T23:59:59.999Z"
"2016-06-04T00:00:00.000Z";"2016-06-04T23:59:59.999Z";"2016-06-04T09:49:23.000Z";"2016-06-04T17:29:22.000Z";"2781";569.7050170898;590.132019043;564.2379760742;572.7269897461;94925296;8945981421.82;"2016-06-04T23:59:59.999Z"
"2016-06-03T00:00:00.000Z";"2016-06-03T23:59:59.999Z";"2016-06-03T21:14:22.000Z";"2016-06-03T04:24:23.000Z";"2781";537.6820068359;574.6380004883;536.9199829102;569.1939697266;122020000;8889102698;"2016-06-03T23:59:59.999Z"
"2016-06-02T00:00:00.000Z";"2016-06-02T23:59:59.999Z";"2016-06-02T23:09:23.000Z";"2016-06-02T12:54:23.000Z";"2781";536.5150146484;540.3519897461;533.0780029297;537.9719848633;60378200;8399598923.4;"2016-06-02T23:59:59.999Z"
"2016-06-01T00:00:00.000Z";"2016-06-01T23:59:59.999Z";"2016-06-01T13:44:22.000Z";"2016-06-01T03:44:22.000Z";"2781";531.1069946289;543.0800170898;525.6359863281;536.9199829102;86061800;8381321200;"2016-06-01T23:59:59.999Z"
"2016-05-31T00:00:00.000Z";"2016-05-31T23:59:59.999Z";"2016-05-31T10:54:24.000Z";"2016-05-31T21:24:22.000Z";"2781";534.1909790039;546.617980957;520.6619873047;531.3859863281;138450000;8293035755.05;"2016-05-31T23:59:59.999Z"
"2016-05-30T00:00:00.000Z";"2016-05-30T23:59:59.999Z";"2016-05-30T17:14:23.000Z";"2016-05-30T00:54:23.000Z";"2781";528.4710083008;544.3489990234;522.9630126953;533.8640136719;87958704;8330000111.4;"2016-05-30T23:59:59.999Z"
"2016-05-29T00:00:00.000Z";"2016-05-29T23:59:59.999Z";"2016-05-29T19:09:23.000Z";"2016-05-29T04:14:23.000Z";"2781";527.4769897461;553.9600219727;512.1790161133;526.2329711914;148736992;8209050618.45;"2016-05-29T23:59:59.999Z"
"2016-05-28T00:00:00.000Z";"2016-05-28T23:59:59.999Z";"2016-05-28T22:39:23.000Z";"2016-05-28T00:09:23.000Z";"2781";473.0289916992;533.4730224609;472.699005127;530.0399780273;181199008;8266477338;"2016-05-28T23:59:59.999Z"
"2016-05-27T00:00:00.000Z";"2016-05-27T23:59:59.999Z";"2016-05-27T07:14:24.000Z";"2016-05-27T00:04:24.000Z";"2781";453.5209960938;478.1489868164;453.5209960938;473.4639892578;164780992;7382558439.6;"2016-05-27T23:59:59.999Z"
"2016-05-26T00:00:00.000Z";"2016-05-26T23:59:59.999Z";"2016-05-26T14:09:24.000Z";"2016-05-26T02:09:24.000Z";"2781";449.6719970703;453.6440124512;447.8959960938;453.3840026855;65203800;7067871183.6;"2016-05-26T23:59:59.999Z"
"2016-05-25T00:00:00.000Z";"2016-05-25T23:59:59.999Z";"2016-05-25T14:24:25.000Z";"2016-05-25T00:04:23.000Z";"2781";446.0620117188;450.2980041504;446.0620117188;449.5989990234;65231000;7007360094.2;"2016-05-25T23:59:59.999Z"
"2016-05-24T00:00:00.000Z";"2016-05-24T23:59:59.999Z";"2016-05-24T19:09:24.000Z";"2016-05-24T01:04:24.000Z";"2781";444.2909851074;447.1000061035;443.9299926758;445.9809875488;65783100;6949432035.35;"2016-05-24T23:59:59.999Z"
"2016-05-23T00:00:00.000Z";"2016-05-23T23:59:59.999Z";"2016-05-23T23:49:23.000Z";"2016-05-23T02:39:27.000Z";"2781";439.3479919434;444.3450012207;438.8229980469;444.1549987793;50582500;6919346394.62;"2016-05-23T23:59:59.999Z"
"2016-05-22T00:00:00.000Z";"2016-05-22T23:59:59.999Z";"2016-05-22T00:19:23.000Z";"2016-05-22T19:49:25.000Z";"2781";443.2179870605;443.4270019531;439.0350036621;439.3229980469;39657600;6842082300.45;"2016-05-22T23:59:59.999Z"
"2016-05-21T00:00:00.000Z";"2016-05-21T23:59:59.999Z";"2016-05-21T05:34:23.000Z";"2016-05-21T09:54:25.000Z";"2781";442.966003418;443.7780151367;441.7059936523;443.1879882813;42762300;6900237725.4;"2016-05-21T23:59:59.999Z"
"2016-05-20T00:00:00.000Z";"2016-05-20T23:59:59.999Z";"2016-05-20T13:59:23.000Z";"2016-05-20T00:09:23.000Z";"2781";437.7929992676;444.0539855957;437.3890075684;442.675994873;81987904;6890716749.8;"2016-05-20T23:59:59.999Z"
"2016-05-19T00:00:00.000Z";"2016-05-19T23:59:59.999Z";"2016-05-19T01:49:23.000Z";"2016-05-19T23:59:23.000Z";"2781";454.5239868164;454.6329956055;438.7149963379;438.7149963379;96027400;6827425412.38;"2016-05-19T23:59:59.999Z"
"2016-05-18T00:00:00.000Z";"2016-05-18T23:59:59.999Z";"2016-05-18T20:54:24.000Z";"2016-05-18T00:39:24.000Z";"2781";453.6910095215;455.9979858398;453.2990112305;454.6189880371;86850096;7073564772.18;"2016-05-18T23:59:59.999Z"
"2016-05-17T00:00:00.000Z";"2016-05-17T23:59:59.999Z";"2016-05-17T16:34:23.000Z";"2016-05-17T12:24:23.000Z";"2781";454.0090026855;455.0719909668;453.6050109863;453.782989502;64100300;7058821456.5;"2016-05-17T23:59:59.999Z"
"2016-05-16T00:00:00.000Z";"2016-05-16T23:59:59.999Z";"2016-05-16T02:39:23.000Z";"2016-05-16T19:54:22.000Z";"2781";457.5859985352;458.200012207;452.9450073242;454.1629943848;59171500;7063120267.85;"2016-05-16T23:59:59.999Z"
"2016-05-15T00:00:00.000Z";"2016-05-15T23:59:59.999Z";"2016-05-15T19:29:23.000Z";"2016-05-15T09:29:23.000Z";"2781";455.7590026855;458.691986084;455.4590148926;457.5679931641;28514000;7114461730.4;"2016-05-15T23:59:59.999Z"
"2016-05-14T00:00:00.000Z";"2016-05-14T23:59:59.999Z";"2016-05-14T02:39:23.000Z";"2016-05-14T13:44:22.000Z";"2781";455.8229980469;456.8359985352;454.7860107422;455.6709899902;37209000;7083394303.22;"2016-05-14T23:59:59.999Z"
"2016-05-13T00:00:00.000Z";"2016-05-13T23:59:59.999Z";"2016-05-13T17:39:23.000Z";"2016-05-13T07:14:23.000Z";"2781";454.8500061035;457.0549926758;453.4530029297;455.6700134277;60845000;7081726954.5;"2016-05-13T23:59:59.999Z"
"2016-05-12T00:00:00.000Z";"2016-05-12T23:59:59.999Z";"2016-05-12T23:19:23.000Z";"2016-05-12T06:09:24.000Z";"2781";452.4469909668;454.949005127;449.25;454.7659912109;59849300;7065960832.45;"2016-05-12T23:59:59.999Z"
"2016-05-11T00:00:00.000Z";"2016-05-11T23:59:59.999Z";"2016-05-11T09:09:24.000Z";"2016-05-11T00:04:23.000Z";"2781";450.8640136719;454.5759887695;450.8640136719;452.7279968262;50605200;7032699388.4;"2016-05-11T23:59:59.999Z"
"2016-05-10T00:00:00.000Z";"2016-05-10T23:59:59.999Z";"2016-05-10T01:39:23.000Z";"2016-05-10T10:39:22.000Z";"2781";460.5180053711;461.9289855957;448.9540100098;450.8949890137;58956100;7002714976.5;"2016-05-10T23:59:59.999Z"
"2016-05-09T00:00:00.000Z";"2016-05-09T23:59:59.999Z";"2016-05-09T16:34:22.000Z";"2016-05-09T06:49:23.000Z";"2781";458.2059936523;462.4809875488;456.5310058594;460.483001709;55493100;7149827444.4;"2016-05-09T23:59:59.999Z"
"2016-05-08T00:00:00.000Z";"2016-05-08T23:59:59.999Z";"2016-05-08T07:19:23.000Z";"2016-05-08T12:54:23.000Z";"2781";458.4289855957;459.4169921875;455.983001709;458.5480041504;40315000;7117822793.7;"2016-05-08T23:59:59.999Z"
"2016-05-07T00:00:00.000Z";"2016-05-07T23:59:59.999Z";"2016-05-07T18:59:22.000Z";"2016-05-07T14:49:23.000Z";"2781";459.6390075684;460.674987793;457.324005127;458.5360107422;38364500;7115722135.6;"2016-05-07T23:59:59.999Z"
"2016-05-06T00:00:00.000Z";"2016-05-06T23:59:59.999Z";"2016-05-06T21:09:22.000Z";"2016-05-06T04:04:22.000Z";"2781";447.941986084;461.375;447.0679931641;459.6029968262;72796800;7130556703.8;"2016-05-06T23:59:59.999Z"
"2016-05-05T00:00:00.000Z";"2016-05-05T23:59:59.999Z";"2016-05-05T21:49:23.000Z";"2016-05-05T12:04:22.000Z";"2781";446.7109985352;448.5060119629;445.8829956055;447.9760131836;50440800;6948331748;"2016-05-05T23:59:59.999Z"
"2016-05-04T00:00:00.000Z";"2016-05-04T23:59:59.999Z";"2016-05-04T00:44:23.000Z";"2016-05-04T12:44:22.000Z";"2781";450.183013916;450.3779907227;445.6300048828;446.7219848633;50407300;6927161701.3;"2016-05-04T23:59:59.999Z"
"2016-05-03T00:00:00.000Z";"2016-05-03T23:59:59.999Z";"2016-05-03T23:19:22.000Z";"2016-05-03T01:54:22.000Z";"2781";444.7269897461;451.0969848633;442.6170043945;450.3039855957;59366400;6980826502.4;"2016-05-03T23:59:59.999Z"
"2016-05-02T00:00:00.000Z";"2016-05-02T23:59:59.999Z";"2016-05-02T05:04:22.000Z";"2016-05-02T15:04:23.000Z";"2781";451.933013916;452.4450073242;441.7760009766;444.6690063477;92127000;6891791430.3;"2016-05-02T23:59:59.999Z"
"2016-05-01T00:00:00.000Z";"2016-05-01T23:59:59.999Z";"2016-05-01T14:09:24.000Z";"2016-05-01T01:59:22.000Z";"2781";448.4840087891;452.4790039063;447.9270019531;451.875;40660100;7001712750;"2016-05-01T23:59:59.999Z"
"2016-04-30T00:00:00.000Z";"2016-04-30T23:59:59.999Z";"2016-04-30T00:19:22.000Z";"2016-04-30T23:44:23.000Z";"2781";455.1780090332;455.5870056152;447.6969909668;448.3179931641;69322600;6944860514.15;"2016-04-30T23:59:59.999Z"
"2016-04-29T00:00:00.000Z";"2016-04-29T23:59:59.999Z";"2016-04-29T20:49:24.000Z";"2016-04-29T03:59:23.000Z";"2781";449.407989502;455.3840026855;446.016998291;455.0969848633;49258500;7048201013.25;"2016-04-29T23:59:59.999Z"
"2016-04-28T00:00:00.000Z";"2016-04-28T23:59:59.999Z";"2016-04-28T23:24:22.000Z";"2016-04-28T00:44:22.000Z";"2781";445.0379943848;449.550994873;436.6499938965;449.0109863281;74064704;6952183241.58;"2016-04-28T23:59:59.999Z"
"2016-04-27T00:00:00.000Z";"2016-04-27T23:59:59.999Z";"2016-04-27T00:39:23.000Z";"2016-04-27T23:54:22.000Z";"2781";466.2619934082;467.0790100098;444.1340026855;444.6870117188;93564896;6883732525.65;"2016-04-27T23:59:59.999Z"
"2016-04-26T00:00:00.000Z";"2016-04-26T23:59:59.999Z";"2016-04-26T18:19:22.000Z";"2016-04-26T00:14:22.000Z";"2781";461.6480102539;467.9649963379;461.6210021973;466.0889892578;78971904;7213507974.07;"2016-04-26T23:59:59.999Z"
"2016-04-25T00:00:00.000Z";"2016-04-25T23:59:59.999Z";"2016-04-25T22:29:22.000Z";"2016-04-25T11:49:21.000Z";"2781";459.1210021973;466.6199951172;453.592010498;461.425994873;87091800;7139621426.7;"2016-04-25T23:59:59.999Z"
"2016-04-24T00:00:00.000Z";"2016-04-24T23:59:59.999Z";"2016-04-24T19:59:23.000Z";"2016-04-24T14:49:21.000Z";"2781";450.5599975586;460.1459960938;448.9280090332;458.5549926758;68198400;7093731211.25;"2016-04-24T23:59:59.999Z"
"2016-04-23T00:00:00.000Z";"2016-04-23T23:59:59.999Z";"2016-04-23T23:59:21.000Z";"2016-04-23T09:49:21.000Z";"2781";445.8609924316;450.2820129395;444.3309936523;450.2820129395;50485400;6964275295.95;"2016-04-23T23:59:59.999Z"
"2016-04-22T00:00:00.000Z";"2016-04-22T23:59:59.999Z";"2016-04-22T00:29:21.000Z";"2016-04-22T05:24:22.000Z";"2781";449.6879882813;449.8099975586;444.1499938965;445.7369995117;58804400;6892364370.45;"2016-04-22T23:59:59.999Z"
"2016-04-21T00:00:00.000Z";"2016-04-21T23:59:59.999Z";"2016-04-21T22:34:22.000Z";"2016-04-21T00:39:24.000Z";"2781";441.4159851074;450.5480041504;440.9519958496;449.424987793;68204704;6947795902.5;"2016-04-21T23:59:59.999Z"
"2016-04-20T00:00:00.000Z";"2016-04-20T23:59:59.999Z";"2016-04-20T21:24:21.000Z";"2016-04-20T02:29:22.000Z";"2781";435.324005127;443.0539855957;434.4060058594;441.3890075684;72890096;6821898724.23;"2016-04-20T23:59:59.999Z"
"2016-04-19T00:00:00.000Z";"2016-04-19T23:59:59.999Z";"2016-04-19T23:29:22.000Z";"2016-04-19T05:04:23.000Z";"2781";428.7030029297;436.0199890137;428.1040039063;435.5090026855;52810500;6729223762.6;"2016-04-19T23:59:59.999Z"
"2016-04-18T00:00:00.000Z";"2016-04-18T23:59:59.999Z";"2016-04-18T05:49:21.000Z";"2016-04-18T17:44:21.000Z";"2781";427.6109924316;429.2739868164;427.0859985352;428.591003418;55670900;6620723761.15;"2016-04-18T23:59:59.999Z"
"2016-04-17T00:00:00.000Z";"2016-04-17T23:59:59.999Z";"2016-04-17T01:04:22.000Z";"2016-04-17T18:29:22.000Z";"2781";430.6359863281;431.3710021973;426.0790100098;427.3989868164;52125900;6600878375.7;"2016-04-17T23:59:59.999Z"
"2016-04-16T00:00:00.000Z";"2016-04-16T23:59:59.999Z";"2016-04-16T08:09:21.000Z";"2016-04-16T02:19:21.000Z";"2781";429.575012207;432.625;428.9840087891;430.5719909668;39392800;6648182380.2;"2016-04-16T23:59:59.999Z"
"2016-04-15T00:00:00.000Z";"2016-04-15T23:59:59.999Z";"2016-04-15T19:24:21.000Z";"2016-04-15T00:04:21.000Z";"2781";424.4270019531;429.9280090332;424.4270019531;429.7130126953;54801500;6633436609.7;"2016-04-15T23:59:59.999Z"
"2016-04-14T00:00:00.000Z";"2016-04-14T23:59:59.999Z";"2016-04-14T03:04:22.000Z";"2016-04-14T08:29:22.000Z";"2781";423.9349975586;425.3710021973;423.0130004883;424.2820129395;45281000;6548113818.8;"2016-04-14T23:59:59.999Z"
"2016-04-13T00:00:00.000Z";"2016-04-13T23:59:59.999Z";"2016-04-13T03:49:20.000Z";"2016-04-13T13:29:21.000Z";"2781";425.6319885254;426.657989502;422.9159851074;423.7340087891;69060400;6537929599.55;"2016-04-13T23:59:59.999Z"
"2016-04-12T00:00:00.000Z";"2016-04-12T23:59:59.999Z";"2016-04-12T04:24:22.000Z";"2016-04-12T00:04:22.000Z";"2781";422.8429870605;427.2770080566;422.8429870605;425.1900024414;70728800;6558651417.75;"2016-04-12T23:59:59.999Z"
"2016-04-11T00:00:00.000Z";"2016-04-11T23:59:59.999Z";"2016-04-11T05:54:22.000Z";"2016-04-11T09:34:21.000Z";"2781";421.8720092773;422.7390136719;420.532989502;422.483001709;50747500;6515321584.5;"2016-04-11T23:59:59.999Z"
"2016-04-10T00:00:00.000Z";"2016-04-10T23:59:59.999Z";"2016-04-10T19:14:21.000Z";"2016-04-10T03:24:20.000Z";"2781";419.592010498;422.4349975586;419.2569885254;421.5639953613;73478600;6499536743.7;"2016-04-10T23:59:59.999Z"
"2016-04-09T00:00:00.000Z";"2016-04-09T23:59:59.999Z";"2016-04-09T00:09:20.000Z";"2016-04-09T02:14:21.000Z";"2781";420.8110046387;420.8909912109;416.5150146484;419.4110107422;49792700;6464539022.12;"2016-04-09T23:59:59.999Z"
"2016-04-08T00:00:00.000Z";"2016-04-08T23:59:59.999Z";"2016-04-08T08:14:22.000Z";"2016-04-08T21:34:22.000Z";"2781";422.9070129395;425.3609924316;419.6350097656;420.3489990234;63454700;6477294354.43;"2016-04-08T23:59:59.999Z"
"2016-04-07T00:00:00.000Z";"2016-04-07T23:59:59.999Z";"2016-04-07T17:14:22.000Z";"2016-04-07T04:34:20.000Z";"2781";423.6199951172;423.6570129395;420.5180053711;422.7449951172;57858600;6512693215.12;"2016-04-07T23:59:59.999Z"
"2016-04-06T00:00:00.000Z";"2016-04-06T23:59:59.999Z";"2016-04-06T02:09:22.000Z";"2016-04-06T17:59:21.000Z";"2781";424.283996582;424.5270080566;422.7290039063;423.4129943848;59091000;6521491708.6;"2016-04-06T23:59:59.999Z"
"2016-04-05T00:00:00.000Z";"2016-04-05T23:59:59.999Z";"2016-04-05T23:34:21.000Z";"2016-04-05T01:34:25.000Z";"2781";421.016998291;424.2569885254;420.6140136719;424.0299987793;60718000;6529351749.75;"2016-04-05T23:59:59.999Z"
"2016-04-04T00:00:00.000Z";"2016-04-04T23:59:59.999Z";"2016-04-04T06:54:21.000Z";"2016-04-04T15:34:20.000Z";"2781";421.2990112305;422.3429870605;419.6010131836;421.4440002441;50634300;6487898585.8;"2016-04-04T23:59:59.999Z"
"2016-04-03T00:00:00.000Z";"2016-04-03T23:59:59.999Z";"2016-04-03T15:14:20.000Z";"2016-04-03T20:49:23.000Z";"2781";421.1730041504;421.5799865723;419.6969909668;420.9039916992;38053700;6477828308.6;"2016-04-03T23:59:59.999Z"
"2016-04-02T00:00:00.000Z";"2016-04-02T23:59:59.999Z";"2016-04-02T01:14:21.000Z";"2016-04-02T00:04:23.000Z";"2781";418.4219970703;422.0809936523;418.4219970703;420.8729858398;45681200;6475857110.93;"2016-04-02T23:59:59.999Z"
"2016-04-01T00:00:00.000Z";"2016-04-01T23:59:59.999Z";"2016-04-01T14:44:20.000Z";"2016-04-01T09:29:21.000Z";"2781";416.7600097656;418.1730041504;415.8309936523;417.9599914551;51235700;6429593619;"2016-04-01T23:59:59.999Z"
"2016-03-31T00:00:00.000Z";"2016-03-31T23:59:59.999Z";"2016-03-31T21:24:22.000Z";"2016-03-31T00:04:21.000Z";"2781";415.2569885254;418.3689880371;415.2569885254;416.7290039063;60215200;6409062819.05;"2016-03-31T23:59:59.999Z"
"2016-03-30T00:00:00.000Z";"2016-03-30T23:59:59.999Z";"2016-03-30T00:04:21.000Z";"2016-03-30T07:39:20.000Z";"2781";416.8340148926;416.8340148926;412.4960021973;414.8160095215;66034100;6378356001.6;"2016-03-30T23:59:59.999Z"
"2016-03-29T00:00:00.000Z";"2016-03-29T23:59:59.999Z";"2016-03-29T02:29:23.000Z";"2016-03-29T12:14:20.000Z";"2781";424.3039855957;426.2030029297;412.6809997559;416.5159912109;75411504;6402954687.4;"2016-03-29T23:59:59.999Z"
"2016-03-28T00:00:00.000Z";"2016-03-28T23:59:59.999Z";"2016-03-28T06:04:21.000Z";"2016-03-28T16:44:22.000Z";"2781";426.5480041504;426.8569946289;423.2929992676;424.2309875488;68522800;6519889575.48;"2016-03-28T23:59:59.999Z"
"2016-03-27T00:00:00.000Z";"2016-03-27T23:59:59.999Z";"2016-03-27T17:04:19.000Z";"2016-03-27T02:49:22.000Z";"2781";418.1400146484;428.7969970703;417.7109985352;426.7650146484;71229400;6557030842.5;"2016-03-27T23:59:59.999Z"
"2016-03-26T00:00:00.000Z";"2016-03-26T23:59:59.999Z";"2016-03-26T01:49:22.000Z";"2016-03-26T13:14:21.000Z";"2781";417.3649902344;418.9869995117;416.2590026855;417.9450073242;44650400;6420042696.38;"2016-03-26T23:59:59.999Z"
"2016-03-25T00:00:00.000Z";"2016-03-25T23:59:59.999Z";"2016-03-25T16:34:21.000Z";"2016-03-25T01:09:21.000Z";"2781";416.5079956055;418.0799865723;415.558013916;417.1770019531;52560000;6406608047.85;"2016-03-25T23:59:59.999Z"
"2016-03-24T00:00:00.000Z";"2016-03-24T23:59:59.999Z";"2016-03-24T00:39:20.000Z";"2016-03-24T09:44:20.000Z";"2781";418.4240112305;418.6799926758;415.4859924316;416.3940124512;68346704;6393094869.15;"2016-03-24T23:59:59.999Z"
"2016-03-23T00:00:00.000Z";"2016-03-23T23:59:59.999Z";"2016-03-23T21:49:22.000Z";"2016-03-23T15:04:22.000Z";"2781";418.1610107422;419.2680053711;417.3640136719;418.0409851074;61444200;6416845741.8;"2016-03-23T23:59:59.999Z"
"2016-03-22T00:00:00.000Z";"2016-03-22T23:59:59.999Z";"2016-03-22T11:19:25.000Z";"2016-03-22T01:39:24.000Z";"2781";413.1319885254;418.375;412.5310058594;418.0889892578;66813300;6416025150.68;"2016-03-22T23:59:59.999Z"
"2016-03-21T00:00:00.000Z";"2016-03-21T23:59:59.999Z";"2016-03-21T00:04:20.000Z";"2016-03-21T03:34:21.000Z";"2781";413.4179992676;413.4179992676;410.3810119629;413.3070068359;61655400;6341110984.12;"2016-03-21T23:59:59.999Z"
"2016-03-20T00:00:00.000Z";"2016-03-20T23:59:59.999Z";"2016-03-20T19:54:20.000Z";"2016-03-20T00:04:20.000Z";"2781";410.4010009766;414.625;410.4010009766;413.7550048828;45947900;6346546569.5;"2016-03-20T23:59:59.999Z"
"2016-03-19T00:00:00.000Z";"2016-03-19T23:59:59.999Z";"2016-03-19T08:04:21.000Z";"2016-03-19T19:09:22.000Z";"2781";409.2650146484;410.9840087891;407.2300109863;410.4440002441;58423000;6294271612.1;"2016-03-19T23:59:59.999Z"
"2016-03-18T00:00:00.000Z";"2016-03-18T23:59:59.999Z";"2016-03-18T00:04:19.000Z";"2016-03-18T19:49:19.000Z";"2781";420.5469970703;420.5469970703;406.1369934082;409.5480041504;104940000;6279128503.8;"2016-03-18T23:59:59.999Z"
"2016-03-17T00:00:00.000Z";"2016-03-17T23:59:59.999Z";"2016-03-17T19:24:20.000Z";"2016-03-17T00:04:20.000Z";"2781";417.8890075684;420.9970092773;417.8890075684;420.6210021973;83528600;6447467967.45;"2016-03-17T23:59:59.999Z"
"2016-03-16T00:00:00.000Z";"2016-03-16T23:59:59.999Z";"2016-03-16T11:04:21.000Z";"2016-03-16T08:14:20.000Z";"2781";416.8880004883;417.6860046387;415.9119873047;417.0109863281;65185800;6390672724.45;"2016-03-16T23:59:59.999Z"
"2016-03-15T00:00:00.000Z";"2016-03-15T23:59:59.999Z";"2016-03-15T04:54:19.000Z";"2016-03-15T14:59:19.000Z";"2781";416.3880004883;418.1310119629;414.9849853516;416.8299865723;66781700;6386304533.75;"2016-03-15T23:59:59.999Z"
"2016-03-14T00:00:00.000Z";"2016-03-14T23:59:59.999Z";"2016-03-14T06:24:21.000Z";"2016-03-14T00:04:19.000Z";"2781";414.2009887695;416.6839904785;414.2009887695;416.4379882813;95259400;6378632900.75;"2016-03-14T23:59:59.999Z"
"2016-03-13T00:00:00.000Z";"2016-03-13T23:59:59.999Z";"2016-03-13T12:39:20.000Z";"2016-03-13T00:09:19.000Z";"2781";411.6480102539;416.6040039063;411.641998291;414.0650024414;74322800;6340701564.5;"2016-03-13T23:59:59.999Z"
"2016-03-12T00:00:00.000Z";"2016-03-12T23:59:59.999Z";"2016-03-12T01:54:20.000Z";"2016-03-12T16:09:19.000Z";"2781";421.6050109863;421.7950134277;410.0939941406;411.6239929199;92712896;6301963440;"2016-03-12T23:59:59.999Z"
"2016-03-11T00:00:00.000Z";"2016-03-11T23:59:59.999Z";"2016-03-11T10:29:18.000Z";"2016-03-11T01:14:19.000Z";"2781";417.2380065918;423.925994873;417.0130004883;421.6900024414;73969696;6454555816;"2016-03-11T23:59:59.999Z"
"2016-03-10T00:00:00.000Z";"2016-03-10T23:59:59.999Z";"2016-03-10T21:59:19.000Z";"2016-03-10T02:59:19.000Z";"2781";414.7439880371;417.5119934082;413.2510070801;417.1310119629;81022896;6383105414.4;"2016-03-10T23:59:59.999Z"
"2016-03-09T00:00:00.000Z";"2016-03-09T23:59:59.999Z";"2016-03-09T17:04:19.000Z";"2016-03-09T08:09:20.000Z";"2781";413.8940124512;416.0320129395;411.6059875488;414.8599853516;70012304;6346735710;"2016-03-09T23:59:59.999Z"
"2016-03-08T00:00:00.000Z";"2016-03-08T23:59:59.999Z";"2016-03-08T05:29:20.000Z";"2016-03-08T13:34:19.000Z";"2781";414.4649963379;416.2430114746;411.0939941406;413.9719848633;70311696;6331422308.9;"2016-03-08T23:59:59.999Z"
"2016-03-07T00:00:00.000Z";"2016-03-07T23:59:59.999Z";"2016-03-07T23:19:20.000Z";"2016-03-07T02:19:19.000Z";"2781";407.7569885254;415.9169921875;406.3089904785;414.3210144043;85762400;6335164892.48;"2016-03-07T23:59:59.999Z"
"2016-03-06T00:00:00.000Z";"2016-03-06T23:59:59.999Z";"2016-03-06T16:19:19.000Z";"2016-03-06T01:19:23.000Z";"2781";400.5249938965;411.9070129395;395.7780151367;407.7070007324;91212496;6232667872.38;"2016-03-06T23:59:59.999Z"
"2016-03-05T00:00:00.000Z";"2016-03-05T23:59:59.999Z";"2016-03-05T04:39:20.000Z";"2016-03-05T16:44:20.000Z";"2781";410.7810058594;411.2569885254;394.0350036621;400.5700073242;135384992;6122091566.5;"2016-03-05T23:59:59.999Z"
"2016-03-04T00:00:00.000Z";"2016-03-04T23:59:59.999Z";"2016-03-04T07:44:23.000Z";"2016-03-04T23:59:22.000Z";"2781";421.8359985352;425.1780090332;410.9389953613;410.9389953613;90856096;6279024638.3;"2016-03-04T23:59:59.999Z"
"2016-03-03T00:00:00.000Z";"2016-03-03T23:59:59.999Z";"2016-03-03T13:49:19.000Z";"2016-03-03T05:59:19.000Z";"2781";423.9119873047;425.3729858398;419.4110107422;421.6510009766;100484000;6441066887.07;"2016-03-03T23:59:59.999Z"
"2016-03-02T00:00:00.000Z";"2016-03-02T23:59:59.999Z";"2016-03-02T01:09:19.000Z";"2016-03-02T23:59:19.000Z";"2781";435.1310119629;435.9169921875;423.9890136719;423.9890136719;74955296;6475329603.6;"2016-03-02T23:59:59.999Z"
"2016-03-01T00:00:00.000Z";"2016-03-01T23:59:59.999Z";"2016-03-01T00:54:23.000Z";"2016-03-01T07:54:19.000Z";"2781";437.9169921875;439.6530151367;432.3190002441;435.1229858398;74895800;6643686403.57;"2016-03-01T23:59:59.999Z"
"2016-02-29T00:00:00.000Z";"2016-02-29T23:59:59.999Z";"2016-02-29T11:29:21.000Z";"2016-02-29T00:24:19.000Z";"2781";433.4379882813;441.5069885254;431.6929931641;437.6969909668;60694700;6681444705;"2016-02-29T23:59:59.999Z"
"2016-02-28T00:00:00.000Z";"2016-02-28T23:59:59.999Z";"2016-02-28T15:04:19.000Z";"2016-02-28T01:59:18.000Z";"2781";432.5710144043;435.683013916;423.8200073242;433.5039978027;53033400;6615986321.6;"2016-02-28T23:59:59.999Z"
"2016-02-27T00:00:00.000Z";"2016-02-27T23:59:59.999Z";"2016-02-27T00:39:24.000Z";"2016-02-27T10:14:20.000Z";"2781";432.8389892578;434.2309875488;428.1029968262;432.5190124512;41893600;6599515470.68;"2016-02-27T23:59:59.999Z"
"2016-02-26T00:00:00.000Z";"2016-02-26T23:59:59.999Z";"2016-02-26T23:59:20.000Z";"2016-02-26T01:39:19.000Z";"2781";424.6289978027;432.1520080566;421.6199951172;432.1520080566;61486000;6592327506.8;"2016-02-26T23:59:59.999Z"
"2016-02-25T00:00:00.000Z";"2016-02-25T23:59:59.999Z";"2016-02-25T00:34:20.000Z";"2016-02-25T05:24:19.000Z";"2781";425.0369873047;427.7189941406;420.4150085449;424.5440063477;70798000;6474784225.6;"2016-02-25T23:59:59.999Z"
"2016-02-24T00:00:00.000Z";"2016-02-24T23:59:59.999Z";"2016-02-24T19:29:21.000Z";"2016-02-24T06:04:19.000Z";"2781";420.9559936523;425.549987793;413.9070129395;424.9549865723;67743696;6479395123.75;"2016-02-24T23:59:59.999Z"
"2016-02-23T00:00:00.000Z";"2016-02-23T23:59:59.999Z";"2016-02-23T03:34:19.000Z";"2016-02-23T19:09:20.000Z";"2781";438.2550048828;439.858001709;417.8210144043;420.7359924316;85244896;6413836323.2;"2016-02-23T23:59:59.999Z"
"2016-02-22T00:00:00.000Z";"2016-02-22T23:59:59.999Z";"2016-02-22T00:09:23.000Z";"2016-02-22T02:34:20.000Z";"2781";438.9890136719;439.0450134277;432.9169921875;437.7479858398;85385200;6671673493.2;"2016-02-22T23:59:59.999Z"
"2016-02-21T00:00:00.000Z";"2016-02-21T23:59:59.999Z";"2016-02-21T08:29:20.000Z";"2016-02-21T14:39:24.000Z";"2781";437.7730102539;448.0459899902;429.0769958496;438.7980041504;89820704;6686294224.5;"2016-02-21T23:59:59.999Z"
"2016-02-20T00:00:00.000Z";"2016-02-20T23:59:59.999Z";"2016-02-20T20:24:20.000Z";"2016-02-20T00:04:20.000Z";"2781";421.6010131836;441.9840087891;421.6010131836;437.1640014648;93992096;6659985887.1;"2016-02-20T23:59:59.999Z"
"2016-02-19T00:00:00.000Z";"2016-02-19T23:59:59.999Z";"2016-02-19T00:19:22.000Z";"2016-02-19T07:29:19.000Z";"2781";422.7300109863;423.1040039063;417.6040039063;420.7850036621;55711300;6408881658.38;"2016-02-19T23:59:59.999Z"
"2016-02-18T00:00:00.000Z";"2016-02-18T23:59:59.999Z";"2016-02-18T13:14:19.000Z";"2016-02-18T00:44:20.000Z";"2781";416.5719909668;425.9960021973;415.6380004883;422.3729858398;76752600;6431547586.27;"2016-02-18T23:59:59.999Z"
"2016-02-17T00:00:00.000Z";"2016-02-17T23:59:59.999Z";"2016-02-17T20:14:19.000Z";"2016-02-17T01:19:21.000Z";"2781";407.6560058594;421.1669921875;406.783996582;416.3219909668;83193600;6337628173.8;"2016-02-17T23:59:59.999Z"
"2016-02-16T00:00:00.000Z";"2016-02-16T23:59:59.999Z";"2016-02-16T17:44:21.000Z";"2016-02-16T00:04:19.000Z";"2781";401.4320068359;408.9450073242;401.4320068359;407.4880065918;73093104;6201590433.6;"2016-02-16T23:59:59.999Z"
"2016-02-15T00:00:00.000Z";"2016-02-15T23:59:59.999Z";"2016-02-15T00:29:18.000Z";"2016-02-15T21:54:20.000Z";"2781";407.5679931641;410.3810119629;397.7489929199;400.1849975586;74070496;6089064890.62;"2016-02-15T23:59:59.999Z"
"2016-02-14T00:00:00.000Z";"2016-02-14T23:59:59.999Z";"2016-02-14T23:59:18.000Z";"2016-02-14T00:04:19.000Z";"2781";392.9320068359;407.2300109863;392.9320068359;407.2300109863;74469800;6194711494.75;"2016-02-14T23:59:59.999Z"
"2016-02-13T00:00:00.000Z";"2016-02-13T23:59:59.999Z";"2016-02-13T23:59:18.000Z";"2016-02-13T00:04:18.000Z";"2781";384.6409912109;391.8599853516;384.6409912109;391.8599853516;61911700;5959279525.5;"2016-02-13T23:59:59.999Z"
"2016-02-12T00:00:00.000Z";"2016-02-12T23:59:59.999Z";"2016-02-12T12:59:19.000Z";"2016-02-12T01:04:19.000Z";"2781";379.6860046387;384.9540100098;379.6000061035;384.2630004883;67042800;5842238586.25;"2016-02-12T23:59:59.999Z"
"2016-02-11T00:00:00.000Z";"2016-02-11T23:59:59.999Z";"2016-02-11T02:24:20.000Z";"2016-02-11T20:14:18.000Z";"2781";382.1140136719;383.1300048828;376.3989868164;379.6539916992;74375600;5770550973;"2016-02-11T23:59:59.999Z"
"2016-02-10T00:00:00.000Z";"2016-02-10T23:59:59.999Z";"2016-02-10T15:14:20.000Z";"2016-02-10T01:24:19.000Z";"2781";376.1459960938;385.483001709;375.782989502;381.6489868164;85130896;5799042060.3;"2016-02-10T23:59:59.999Z"
"2016-02-09T00:00:00.000Z";"2016-02-09T23:59:59.999Z";"2016-02-09T13:14:19.000Z";"2016-02-09T05:19:24.000Z";"2781";373.4230041504;377.2460021973;372.8980102539;376.0289916992;55318500;5712106127.4;"2016-02-09T23:59:59.999Z"
"2016-02-08T00:00:00.000Z";"2016-02-08T23:59:59.999Z";"2016-02-08T08:04:19.000Z";"2016-02-08T23:44:18.000Z";"2781";376.7569885254;379.8789978027;373.3340148926;373.4469909668;47671100;5671240831.4;"2016-02-08T23:59:59.999Z"
"2016-02-07T00:00:00.000Z";"2016-02-07T23:59:59.999Z";"2016-02-07T12:54:18.000Z";"2016-02-07T21:04:20.000Z";"2781";376.5140075684;380.8710021973;374.9030151367;376.6199951172;37076300;5718023734.5;"2016-02-07T23:59:59.999Z"
"2016-02-06T00:00:00.000Z";"2016-02-06T23:59:59.999Z";"2016-02-06T00:09:22.000Z";"2016-02-06T05:39:18.000Z";"2781";386.5889892578;386.6310119629;372.3869934082;376.5220031738;49249300;5714879155.15;"2016-02-06T23:59:59.999Z"
"2016-02-05T00:00:00.000Z";"2016-02-05T23:59:59.999Z";"2016-02-05T12:04:22.000Z";"2016-02-05T22:14:21.000Z";"2781";388.8980102539;391.0939941406;385.5719909668;386.5490112305;43825000;5865136968.17;"2016-02-05T23:59:59.999Z"
"2016-02-04T00:00:00.000Z";"2016-02-04T23:59:59.999Z";"2016-02-04T21:04:20.000Z";"2016-02-04T00:09:24.000Z";"2781";370.1740112305;391.608001709;369.9930114746;389.5939941406;69285504;5909517629.6;"2016-02-04T23:59:59.999Z"
"2016-02-03T00:00:00.000Z";"2016-02-03T23:59:59.999Z";"2016-02-03T08:44:18.000Z";"2016-02-03T22:44:20.000Z";"2781";374.6459960938;374.950012207;368.0450134277;369.949005127;45933400;5609971377.07;"2016-02-03T23:59:59.999Z"
"2016-02-02T00:00:00.000Z";"2016-02-02T23:59:59.999Z";"2016-02-02T16:09:20.000Z";"2016-02-02T00:04:20.000Z";"2781";372.9200134277;375.8829956055;372.9200134277;374.4479980469;40378700;5676528706.8;"2016-02-02T23:59:59.999Z"
"2016-02-01T00:00:00.000Z";"2016-02-01T23:59:59.999Z";"2016-02-01T10:54:20.000Z";"2016-02-01T01:54:20.000Z";"2781";369.3500061035;378.0719909668;367.9570007324;373.0559997559;51656700;5653747617.6;"2016-02-01T23:59:59.999Z"
"2016-01-31T00:00:00.000Z";"2016-01-31T23:59:59.999Z";"2016-01-31T07:39:19.000Z";"2016-01-31T23:49:20.000Z";"2781";378.2929992676;380.3469848633;367.8349914551;368.766998291;37894300;5587253351.23;"2016-01-31T23:59:59.999Z"
"2016-01-30T00:00:00.000Z";"2016-01-30T23:59:59.999Z";"2016-01-30T22:09:19.000Z";"2016-01-30T04:09:19.000Z";"2781";378.8649902344;380.9169921875;376.4909973145;378.2550048828;30284400;5729296095.75;"2016-01-30T23:59:59.999Z"
"2016-01-29T00:00:00.000Z";"2016-01-29T23:59:59.999Z";"2016-01-29T10:34:18.000Z";"2016-01-29T03:14:20.000Z";"2781";380.108001709;384.3789978027;365.4519958496;379.4739990234;86125296;5745985821.15;"2016-01-29T23:59:59.999Z"
"2016-01-28T00:00:00.000Z";"2016-01-28T23:59:59.999Z";"2016-01-28T00:59:19.000Z";"2016-01-28T23:39:20.000Z";"2781";395.1459960938;395.5020141602;379.7349853516;380.2890014648;59247900;5756710302.52;"2016-01-28T23:59:59.999Z"
"2016-01-27T00:00:00.000Z";"2016-01-27T23:59:59.999Z";"2016-01-27T07:04:22.000Z";"2016-01-27T00:24:18.000Z";"2781";392.4440002441;396.8429870605;391.7820129395;394.9719848633;47424400;5977545745.2;"2016-01-27T23:59:59.999Z"
"2016-01-26T00:00:00.000Z";"2016-01-26T23:59:59.999Z";"2016-01-26T10:29:17.000Z";"2016-01-26T04:14:19.000Z";"2781";392.0020141602;397.7659912109;390.575012207;392.1530151367;58147000;5933372928.25;"2016-01-26T23:59:59.999Z"
"2016-01-25T00:00:00.000Z";"2016-01-25T23:59:59.999Z";"2016-01-25T00:04:18.000Z";"2016-01-25T18:14:20.000Z";"2781";402.316986084;402.316986084;388.5539855957;391.7260131836;59062400;5925345407.5;"2016-01-25T23:59:59.999Z"
"2016-01-24T00:00:00.000Z";"2016-01-24T23:59:59.999Z";"2016-01-24T20:19:19.000Z";"2016-01-24T00:34:23.000Z";"2781";388.1019897461;405.4849853516;387.5100097656;402.9710083008;54824800;6093787907.65;"2016-01-24T23:59:59.999Z"
"2016-01-23T00:00:00.000Z";"2016-01-23T23:59:59.999Z";"2016-01-23T05:39:19.000Z";"2016-01-23T13:14:17.000Z";"2781";382.4339904785;394.5429992676;381.9809875488;387.4909973145;56247400;5858059876.18;"2016-01-23T23:59:59.999Z"
"2016-01-22T00:00:00.000Z";"2016-01-22T23:59:59.999Z";"2016-01-22T00:19:20.000Z";"2016-01-22T20:24:20.000Z";"2781";409.7510070801;410.4100036621;375.2820129395;382.4920043945;91546600;5780764155.1;"2016-01-22T23:59:59.999Z"
"2016-01-21T00:00:00.000Z";"2016-01-21T23:59:59.999Z";"2016-01-21T01:29:18.000Z";"2016-01-21T17:04:18.000Z";"2781";419.6319885254;422.8770141602;406.299987793;410.2619934082;68338000;6198658814.55;"2016-01-21T23:59:59.999Z"
"2016-01-20T00:00:00.000Z";"2016-01-20T23:59:59.999Z";"2016-01-20T23:19:19.000Z";"2016-01-20T00:34:19.000Z";"2781";379.7399902344;425.266998291;376.5989990234;420.2300109863;121720000;6347836793.75;"2016-01-20T23:59:59.999Z"
"2016-01-19T00:00:00.000Z";"2016-01-19T23:59:59.999Z";"2016-01-19T13:44:19.000Z";"2016-01-19T19:34:16.000Z";"2781";387.0260009766;387.7300109863;378.9719848633;380.1489868164;46819800;5740934168.2;"2016-01-19T23:59:59.999Z"
"2016-01-18T00:00:00.000Z";"2016-01-18T23:59:59.999Z";"2016-01-18T14:04:18.000Z";"2016-01-18T07:59:17.000Z";"2781";381.733001709;388.1040039063;376.6650085449;387.1679992676;54403900;5845656048;"2016-01-18T23:59:59.999Z"
"2016-01-17T00:00:00.000Z";"2016-01-17T23:59:59.999Z";"2016-01-17T00:59:18.000Z";"2016-01-17T07:19:17.000Z";"2781";387.1520080566;390.9649963379;380.092010498;382.2990112305;45319600;5770478450.85;"2016-01-17T23:59:59.999Z"
"2016-01-16T00:00:00.000Z";"2016-01-16T23:59:59.999Z";"2016-01-16T23:49:17.000Z";"2016-01-16T08:04:18.000Z";"2781";365.0729980469;390.5570068359;354.9140014648;387.5360107422;120352000;5848063566;"2016-01-16T23:59:59.999Z"
"2016-01-15T00:00:00.000Z";"2016-01-15T23:59:59.999Z";"2016-01-15T00:04:17.000Z";"2016-01-15T23:59:19.000Z";"2781";430.2550048828;430.2550048828;364.3309936523;364.3309936523;153351008;5496598039.07;"2016-01-15T23:59:59.999Z"
"2016-01-14T00:00:00.000Z";"2016-01-14T23:59:59.999Z";"2016-01-14T03:04:26.000Z";"2016-01-14T10:39:18.000Z";"2781";432.2879943848;433.324005127;427.8450012207;430.3059997559;43945500;6490638885.15;"2016-01-14T23:59:59.999Z"
"2016-01-13T00:00:00.000Z";"2016-01-13T23:59:59.999Z";"2016-01-13T00:29:19.000Z";"2016-01-13T00:59:17.000Z";"2781";434.6650085449;435.1860046387;424.4429931641;432.3710021973;173888000;6520360056.22;"2016-01-13T23:59:59.999Z"
"2016-01-12T00:00:00.000Z";"2016-01-12T23:59:59.999Z";"2016-01-12T00:04:18.000Z";"2016-01-12T23:59:18.000Z";"2781";448.1820068359;448.1820068359;435.6900024414;435.6900024414;115607000;6568800099.75;"2016-01-12T23:59:59.999Z"
"2016-01-11T00:00:00.000Z";"2016-01-11T23:59:59.999Z";"2016-01-11T03:14:18.000Z";"2016-01-11T07:19:19.000Z";"2781";448.6979980469;450.6619873047;443.8550109863;448.4280090332;40450000;6758931030;"2016-01-11T23:59:59.999Z"
"2016-01-10T00:00:00.000Z";"2016-01-10T23:59:59.999Z";"2016-01-10T00:19:20.000Z";"2016-01-10T12:39:16.000Z";"2781";448.2380065918;448.3089904785;440.3510131836;447.9909973145;35995900;6750440385.75;"2016-01-10T23:59:59.999Z"
"2016-01-09T00:00:00.000Z";"2016-01-09T23:59:59.999Z";"2016-01-09T01:19:17.000Z";"2016-01-09T15:04:19.000Z";"2781";453.3829956055;454.6400146484;446.8890075684;447.6109924316;32278000;6742767342.9;"2016-01-09T23:59:59.999Z"
"2016-01-08T00:00:00.000Z";"2016-01-08T23:59:59.999Z";"2016-01-08T01:29:27.000Z";"2016-01-08T18:19:17.000Z";"2781";457.5379943848;462.9339904785;447.9379882813;453.2300109863;56993000;6825700453.75;"2016-01-08T23:59:59.999Z"
"2016-01-07T00:00:00.000Z";"2016-01-07T23:59:59.999Z";"2016-01-07T23:49:18.000Z";"2016-01-07T02:09:18.000Z";"2781";430.0109863281;458.7659912109;429.0769958496;458.0480041504;87562200;6896279078.4;"2016-01-07T23:59:59.999Z"
"2016-01-06T00:00:00.000Z";"2016-01-06T23:59:59.999Z";"2016-01-06T00:04:18.000Z";"2016-01-06T03:54:17.000Z";"2781";431.8559875488;431.8559875488;426.341003418;429.1050109863;34042500;6458942098.12;"2016-01-06T23:59:59.999Z"
"2016-01-05T00:00:00.000Z";"2016-01-05T23:59:59.999Z";"2016-01-05T02:34:22.000Z";"2016-01-05T13:09:22.000Z";"2781";433.0690002441;434.1820068359;429.675994873;431.9599914551;34522600;6500393256;"2016-01-05T23:59:59.999Z"
"2016-01-04T00:00:00.000Z";"2016-01-04T23:59:59.999Z";"2016-01-04T15:39:21.000Z";"2016-01-04T01:04:23.000Z";"2781";430.0610046387;434.516998291;429.0840148926;433.091003418;38477500;6515713340.43;"2016-01-04T23:59:59.999Z"
"2016-01-03T00:00:00.000Z";"2016-01-03T23:59:59.999Z";"2016-01-03T00:14:20.000Z";"2016-01-03T20:04:23.000Z";"2781";433.5780029297;433.7430114746;424.7059936523;430.0109863281;39633800;6467429941.65;"2016-01-03T23:59:59.999Z"
"2016-01-02T00:00:00.000Z";"2016-01-02T23:59:59.999Z";"2016-01-02T00:44:22.000Z";"2016-01-02T13:54:20.000Z";"2781";434.6220092773;436.0620117188;431.8699951172;433.4379882813;30096600;6517390487;"2016-01-02T23:59:59.999Z"